순위,상품명,판매가,작가,출판사,출시일자,분야
1,불편한 편의점(벚꽃 에디션),"12,600",김호연,나무옆의자,20210420,소설
2,하얼빈,"14,400",김훈,문학동네,20220803,소설
3,그리움은 아무에게나 생기지 않습니다,"13,500",박근혜,가로세로연구소,20211230,정치/사회
4,작별인사,"12,600",김영하,복복서가,20220502,소설
5,부자 아빠 가난한 아빠 1(20주년 특별 기념판),"15,300",로버트 기요사키,민음인,20221028,경제/경영
6,달러구트 꿈 백화점,"12,420",이미예,팩토리나인,20200708,소설
7,이어령의 마지막 수업,"14,850",김지수 외,열림원,20211028,인문
8,물고기는 존재하지 않는다,"15,300",룰루 밀러,곰출판,20211217,과학
9,"어서 오세요, 휴남동 서점입니다","13,500",황보름,클레이하우스,20220117,소설
10,세상의 마지막 기차역(리커버 에디션),"12,600",무라세 다케시,모모,20220509,소설
11,달러구트 꿈 백화점 2(레인보우 에디션),"12,420",이미예,팩토리나인,20210727,소설
12,웰씽킹(WEALTHINKING),"14,400",켈리 최,다산북스,20211110,자기계발
13,기분을 관리하면 인생이 관리된다,"15,840",김다슬,클라우디아,20220412,시/에세이
14,불편한 편의점 2(단풍 에디션),"12,600",김호연,나무옆의자,20220810,소설
15,트렌드 코리아 2023,"17,100",김난도 외,미래의창,20221005,경제/경영
16,마음의 법칙,"14,400",폴커 키츠 외,포레스트북스,20220210,인문
17,해커스 토익 기출보카 TOEIC VOCA(토익보카) 단어장,"11,610",David Cho,해커스어학연구소,20220314,외국어
18,오은영의 화해,"14,400",오은영,코리아닷컴,20190110,자기계발
19,데일 카네기 인간관계론,"10,350",데일 카네기,현대지성,20191007,자기계발
20,파친코 1,"14,220",이민진,인플루엔셜,20220805,소설
21,미드나잇 라이브러리(평행우주 에디션),"14,220",매트 헤이그,인플루엔셜,20210428,소설
22,돈의 속성(300쇄 리커버에디션),"16,020",김승호,스노우폭스북스,20200615,경제/경영
23,흔한남매 10,"12,150",흔한남매 ,미래엔아이세움,20220428,어린이(초등)
24,오십에 읽는 논어,"14,400",최종엽,유노북스,20211103,인문
25,부의 추월차선(10주년 스페셜 에디션),"15,750",엠제이 드마코,토트,20220204,경제/경영
26,나는 당신이 행복했으면 좋겠습니다,"12,420",박찬위,하이스트,20211125,시/에세이
27,데일 카네기 자기관리론(1948년 초판 완역본),"10,350",데일 카네기,현대지성,20210113,자기계발
28,원씽(The One Thing)(리커버 특별판),"12,600",게리 켈러 외,비즈니스북스,20130830,자기계발
29,운명을 바꾸는 부동산 투자 수업: 기초편,"15,120",정태익,리더스북,20220322,경제/경영
30,인간 실격,"8,100",다자이 오사무,민음사,20120410,소설
31,인플레이션에서 살아남기,"16,920",오건영,페이지2북스,20220523,경제/경영
32,소크라테스 익스프레스,"16,200",에릭 와이너,어크로스,20210428,인문
33,"돈, 뜨겁게 사랑하고 차갑게 다루어라","10,800",앙드레 코스톨라니,미래의창,20150930,경제/경영
34,"오늘 밤, 세계에서 이 사랑이 사라진다 해도","12,600",이치조 미사키,모모,20210628,소설
35,돈의 심리학,"17,820",모건 하우절,인플루엔셜,20210113,경제/경영
36,파친코 1,"13,050",이민진,문학사상,20180309,소설
37,트렌드 코리아 2022,"16,200",김난도 외,미래의창,20211006,경제/경영
38,아몬드(100만 부 기념 특별판),"10,800",손원평,창비,20220512,소설
39,멘탈을 바꿔야 인생이 바뀐다(10만 부 기념 1주년 리커버),"15,120",박세니,마인드셋(Mindset),20230515,자기계발
40,"굿바이, 이재명","13,500",장영하,지우출판,20211224,정치/사회
41,포켓몬스터 썬&문 포켓몬 전국대도감,"8,550",대원키즈 편집부,대원키즈,20171019,어린이(초등)
42,긴긴밤,"10,350",루리,문학동네,20210203,어린이(초등)
43,헤어질 결심 각본,"13,500",정서경 외,을유문화사,20220805,예술/대중문화
44,변화하는 세계 질서,"34,200",레이 달리오,한빛비즈,20220601,경제/경영
45,아버지의 해방일지,"13,500",정지아,창비,20220902,소설
46,그릿(50만부 판매 기념 리커버 골드에디션),"16,200",앤절라 더크워스,비즈니스북스,20221219,자기계발
47,지구 끝의 온실,"13,500",김초엽,자이언트북스,20210818,소설
48,밝은 밤,"13,050",최은영,문학동네,20210727,소설
49,NFT 레볼루션,"16,200",성소라 외,더퀘스트,20210901,경제/경영
50,가불 선진국,"14,400",조국,메디치미디어,20220325,정치/사회
51,테라피스트,"14,400",B. A. 패리스,모모,20211206,소설
52,"칵테일, 러브, 좀비 (리커버)","9,000",조예은,안전가옥,20200413,소설
53,공정하다는 착각,"16,200",마이클 샌델,와이즈베리,20201201,인문
54,"어느 날, 내 죽음에 네가 들어왔다","13,500",세이카 료겐,모모,20220509,소설
55,나에게 고맙다(30만 부 기념 전면 개정판),"14,400",전승환,북로망스,20220218,시/에세이
56,거꾸로 읽는 세계사,"15,750",유시민,돌베개,20211029,역사/문화
57,잘 살아라 그게 최고의 복수다,"13,500",권민창,마인드셋(Mindset),20220121,자기계발
58,타이탄의 도구들(블랙 에디션),"16,200",팀 페리스,토네이도,20220620,자기계발
59,월급쟁이 부자로 은퇴하라(10만 부 돌파 기념 증보판),"17,820",너나위,알에이치코리아,20220620,경제/경영
60,사피엔스,"24,120",유발 하라리,김영사,20230401,인문
61,꽃을 보듯 너를 본다,"9,900",나태주,지혜,20201130,시/에세이
62,2022 제13회 젊은작가상 수상작품집,"12,600",임솔아 외,문학동네,20220408,소설
63,코스모스,"17,910",칼 세이건,사이언스북스,20100120,과학
64,잘될 수밖에 없는 너에게(10만부 기념 응원 에디션),"14,400",최서영,북로망스,20220818,시/에세이
65,내가 틀릴 수도 있습니다,"14,400",비욘 나티코 린데블라드,다산초당,20220418,인문
66,어떻게 말해줘야 할까,"15,750",오은영,김영사,20201025,가정/육아
67,구의 증명,"7,200",최진영,은행나무,20150330,소설
68,이기적 유전자(리커버:K),"18,000",리처드 도킨스,을유문화사,20230130,과학
69,계속 가보겠습니다,"16,200",임은정,메디치미디어,20220722,정치/사회
70,센 강의 이름 모를 여인,"14,400",기욤 뮈소,밝은세상,20220119,소설
71,최재천의 공부,"14,850",최재천 외,김영사,20220518,인문
72,흔한남매 오해요,"12,150",흔한남매 ,미래엔아이세움,20220303,어린이(초등)
73,총 균 쇠,"25,200",재레드 다이아몬드,문학사상,20051219,역사/문화
74,세븐 테크,"16,200",김미경 외,웅진지식하우스,20220210,경제/경영
75,진짜 쓰는 실무 엑셀,"18,900",오빠두(전진권),제이펍,20220215,컴퓨터/IT
76,윤석열 X파일,"14,400",열린공감TV,열린공감TV,20220204,정치/사회
77,백광,"13,050",렌조 미키히코,모모,20220214,소설
78,포켓몬스터 가라르 도감,"10,800",대원키즈 편집부,대원키즈,20210520,어린이(초등)
79,모순,"11,700",양귀자,쓰다,20130401,소설
80,저주토끼,"13,320",정보라,아작,20220401,소설
81,거의 모든 행동 표현의 영어,"18,000",서영조,사람in,20220310,외국어
82,무엇이 옳은가,"16,020",후안 엔리케스,세계사,20220419,인문
83,데미안,"7,200",헤르만 헤세,민음사,20090120,소설
84,유럽 도시 기행 2,"15,750",유시민,생각의길,20220709,인문
85,당신은 결국 무엇이든 해내는 사람(10만 부 기념 특별 리커버 에디션),"15,300",김상현,필름(Feelm),20220420,시/에세이
86,이상한 과자 가게 전천당 13,"10,800",히로시마 레이코,길벗스쿨,20220124,어린이(초등)
87,럭키 드로우,"14,400",드로우앤드류,다산북스,20220125,자기계발
88,마흔에 읽는 니체(10만 부 양장 리커버 에디션),"14,400",장재형,유노북스,20220901,인문
89,보도 섀퍼의 이기는 습관,"15,300",보도 섀퍼,토네이도,20220318,자기계발
90,햇빛은 찬란하고 인생은 귀하니까요: 밀라논나 이야기,"13,320",장명숙,김영사,20210818,시/에세이
91,백년허리 2: 치료편,"16,650",정선근,언탱글링,20210513,건강
92,나는 장사의 신이다,"15,120",은현장,떠오름(RISE),20211220,경제/경영
93,눈물 한 방울,"14,220",이어령,김영사,20220630,인문
94,나의 MBTI가 궁금하단 마리몽,"14,220",김소나,더모던,20211130,시/에세이
95,설민석의 한국사 대모험 19,"10,800",설민석 외,아이휴먼,20211228,어린이(초등)
96,나의 투자는 새벽 4시에 시작된다,"17,820",유목민,리더스북,20220415,경제/경영
97,흔한남매 과학 탐험대 4: 물질,"12,600",흔한남매 ,주니어김영사,20220228,어린이(초등)
98,여름이 온다,"24,300",이수지,비룡소,20210727,유아(0~7세)
99,딱 2년 안에 무조건 돈 버는 부동산 투자 시크릿,"15,750",김세희(세빛희),비즈니스북스,20211210,경제/경영
100,잘했고 잘하고 있고 잘 될 것이다(스페셜 리미티드 에디션),"13,500",정영욱,부크럼,20210514,시/에세이
101,삶의 격,"14,400",페터 비에리,은행나무,20141029,인문
102,포켓몬 전국 캐릭터 대도감: 다이아몬드 펄,"12,600",학산문화사 편집부,학산문화사,20200825,어린이(초등)
103,부의 인문학(20만부 기념 개정증보판),"15,300",우석,오픈마인드,20220321,경제/경영
104,아직 오지 않은 날들을 위하여,"14,400",파스칼 브뤼크네르,인플루엔셜,20211112,인문
105,토익 단기공략 750+(LC+RC),"16,200",ETS,YBM,20200820,외국어
106,NFT 사용설명서,"16,200",맷 포트나우 외,여의도책방,20211129,경제/경영
107,공간의 미래,"14,400",유현준,을유문화사,20210425,인문
108,세계를 건너 너에게 갈게,"11,250",이꽃님,문학동네,20210924,청소년
109,해커스 토익 스타트 리딩(Reading) RC,"13,410",David Cho,해커스어학연구소,20220221,외국어
110,시크릿,"15,120",론다 번,살림Biz,20070618,자기계발
111,다정한 것이 살아남는다(10만 부 기념 스페셜 에디션),"19,800",브라이언 헤어 외,디플롯,20210726,과학
112,방구석 미술관,"15,120",조원재,블랙피쉬,20211221,예술/대중문화
113,벌거벗은 세계사: 사건편,"20,700",tvn<벌거벗은세계사>제작팀,교보문고,20220125,역사/문화
114,전념,"16,020",피트 데이비스,상상스퀘어,20220105,인문
115,우리는 지금 문학이 필요하다,"24,120",앵거스 플레처,비잉(Being),20211222,인문
116,해커스 보카(Hackers Vocabulary),"15,210",David Cho,해커스어학연구소,20211213,외국어
117,고양이 해결사 깜냥 4: 눈썰매장을 씽씽 달려라!,"9,900",홍민정,창비,20220121,어린이(초등)
118,초역 니체의 말,"14,220",프리드리히 니체,삼호미디어,20220829,인문
119,죽이고 싶은 아이,"11,250",이꽃님,우리학교,20210607,청소년
120,부자의 그릇,"13,500",이즈미 마사토,다산북스,20201214,경제/경영
121,둥실이네 떡집,"9,900",김리리,비룡소,20220422,어린이(초등)
122,우리가 빛의 속도로 갈 수 없다면,"12,600",김초엽,허블,20190624,소설
123,지리의 힘,"18,000",팀 마샬,사이,20160810,정치/사회
124,정의란 무엇인가,"13,500",마이클 샌델,와이즈베리,20141120,인문
125,클루지,"12,420",개리 마커스,갤리온,20081124,인문
126,완전한 행복,"14,220",정유정,은행나무,20210608,소설
127,에그박사 6,"12,150",에그박사 ,미래엔아이세움,20220310,어린이(초등)
128,임신 출산 육아 대백과(2022~2023),"17,550",삼성출판사 편집부,삼성출판사,20220731,가정/육아
129,우리는 여전히 삶을 사랑하는가,"14,220",라이너 풍크,김영사,20220211,인문
130,모든 것은 기본에서 시작한다,"14,400",손웅정,수오서재,20211015,시/에세이
131,오백 년째 열다섯,"11,250",김혜정,위즈덤하우스,20220128,청소년
132,나미야 잡화점의 기적,"13,320",히가시노 게이고,현대문학,20121219,소설
133,허상의 어릿광대,"16,920",히가시노 게이고,재인,20211216,소설
134,10배의 법칙,"15,120",그랜트 카돈,부키,20220330,자기계발
135,원피스 101: 주연 등장,"4,950",Eiichiro Oda,대원씨아이,20220324,만화
136,이순신의 바다,"19,800",황현필,역바연,20211216,역사/문화
137,멋진 신세계,"12,420",올더스 헉슬리,소담출판사,20150612,소설
138,흔한남매의 흔한 호기심 5,"11,700",흔한남매 ,미래엔아이세움,20220127,어린이(초등)
139,강성태 66일 영어회화,"15,300",강성태,다산북스,20211224,외국어
140,지적 대화를 위한 넓고 얕은 지식 1,"14,400",채사장,웨일북(whalebooks),20200205,인문
141,넛지(파이널 에디션),"19,800",리처드 탈러 외,리더스북,20220620,경제/경영
142,백년허리 1: 진단편,"16,650",정선근,언탱글링,20210415,건강
143,143층 나무 집,"12,600",앤디 그리피스,시공주니어,20220330,어린이(초등)
144,연이와 버들 도령,"16,200",백희나,책읽는곰,20211230,유아(0~7세)
145,이것은 작은 브랜드를 위한 책,"14,220",이근상,몽스북,20211224,경제/경영
146,친밀한 이방인,"11,700",정한아,문학동네,20171013,소설
147,아주 작은 습관의 힘,"14,400",제임스 클리어,비즈니스북스,20190226,자기계발
148,스파이 패밀리 1,"5,400",Tatsuya Endo,학산문화사,20191128,만화
149,알사탕,"10,800",백희나,책읽는곰,20170325,유아(0~7세)
150,해커스 OPIc 오픽 Advanced 공략,"14,310",해커스 오픽연구소,해커스,20210813,외국어
151,나는 불안할 때 논어를 읽는다,"16,020",판덩,미디어숲,20220330,자기계발
152,체리새우: 비밀글입니다,"10,350",황영미,문학동네,20190128,청소년
153,H마트에서 울다,"14,400",미셸 자우너,문학동네,20220228,시/에세이
154,저만치 혼자서,"13,500",김훈,문학동네,20220601,소설
155,월가의 영웅,"23,400",피터 린치 외,국일증권경제연구소,20210730,경제/경영
156,비전공자를 위한 이해할 수 있는 IT 지식,"15,120",최원영,티더블유아이지,20200714,컴퓨터/IT
157,영어 필사 100일의 기적,"13,500",퍼포먼스 코치 리아,넥서스,20211110,외국어
158,백년운동,"17,550",정선근,아티잔,20191031,건강
159,미움받을 용기,"13,410",기시미 이치로 외,인플루엔셜,20141117,인문
160,나로서 충분히 괜찮은 사람,"14,400",김재식,북로망스,20220510,시/에세이
161,도파민네이션,"16,200",애나 렘키,흐름출판,20220321,인문
162,종목 선정 나에게 물어봐,"23,400",김정수,하움출판사,20211111,경제/경영
163,한 권으로 끝내는 해커스 토익 700+ (LC+RC+VOCA),"17,820",해커스 어학연구소,해커스어학연구소,20220103,외국어
164,시간 고양이,"11,700",박미연,이지북,20211020,어린이(초등)
165,1984,"13,320",조지 오웰,소담출판사,20211208,소설
166,뉴욕주민의 진짜 미국식 주식투자,"21,600",뉴욕주민,비즈니스북스,20220111,경제/경영
167,세상에서 가장 쉬운 본질육아,"16,920",지나영,21세기북스,20220928,가정/육아
168,너무 잘하려고 애쓰지 마라,"12,600",나태주,열림원,20220531,시/에세이
169,마법천자문 53: 결정을 내리다! 결단할 결,"12,600",유대영,아울북,20220712,어린이(초등)
170,작은 별이지만 빛나고 있어(20만 부 기념 한정판 에디션),"13,500",소윤,북로망스,20210929,시/에세이
171,컬러애 물들다,"15,120",밥 햄블리,리드리드출판,20220511,자기계발
172,읽으면서 바로 써먹는 어린이 수수께끼: 공포 특급,"11,700",한날,파란정원,20220725,어린이(초등)
173,믹스(Mix),"16,920",안성은(Brand Boy),더퀘스트,20220816,경제/경영
174,12 1/2 부와 성공을 부르는 12가지 원칙,"13,500",게리 바이너척,천그루숲,20220220,자기계발
175,거인의 포트폴리오,"16,200",강환국,페이지2북스,20211108,경제/경영
176,어린이 한국사 퀴즈 1,"10,800",한날,파란정원,20211224,어린이(초등)
177,흔한남매 별난 방탈출 4,"11,520",흔한남매 ,미래엔아이세움,20211220,어린이(초등)
178,나는 나로 살기로 했다(골드 에디션),"14,400",김수현,클레이하우스,20220204,시/에세이
179,해커스 토익 스타트 리스닝(Listening) LC,"13,410",David Cho,해커스어학연구소,20220221,외국어
180,저 별은 모두 당신을 위해 빛나고 있다,"13,680",손힘찬(오가타 마리토),떠오름(RISE),20220422,시/에세이
181,영어 회화의 결정적 단어들,"16,200",서영조,사람in,20200306,외국어
182,지리의 힘 2,"20,700",팀 마샬,사이,20220410,정치/사회
183,하루를 48시간으로 사는 마법,"13,500",이재은,비즈니스북스,20211217,자기계발
184,나는 대출 없이 0원으로 소형 아파트를 산다,"18,000",잭파시(최경천),다산북스,20220419,경제/경영
185,종의 기원,"11,700",정유정,은행나무,20160516,소설
186,반짝반짝 캐치! 티니핑 마음 성장 동화 1: 로미의 새로운 도전,"10,800",아이휴먼 편집부,아이휴먼,20220225,유아(0~7세)
187,어린이라는 세계,"13,500",김소영,사계절,20201116,시/에세이
188,호감 가는 말투에는 비밀이 있다,"15,120",장신웨,리드리드출판,20220811,자기계발
189,책들의 부엌 (인사이드 에디션),"13,050",김지혜,팩토리나인,20220512,소설
190,사랑의 기술,"14,400",에리히 프롬,문예출판사,20190901,인문
191,가짜 모범생,"10,800",손현주,특별한서재,20211015,청소년
192,문재인의 위로,"14,220",더휴먼 편집부,더휴먼,20220510,시/에세이
193,고민의 답,"14,220",글배우,강한별,20220325,자기계발
194,마지막 몰입: 나를 넘어서는 힘,"15,120",짐 퀵,비즈니스북스,20210223,자기계발
195,우리는 어디서 살아야 하는가,"16,200",김시덕,포레스트북스,20220720,경제/경영
1,달러구트 꿈 백화점,"12,420",이미예,팩토리나인,20200708,소설
2,주린이가 가장 알고 싶은 최다질문 TOP 77(교보 단독 리커버),"16,200",염승환,메이트북스,20210726,경제/경영
3,미드나잇 라이브러리(평행우주 에디션),"14,220",매트 헤이그,인플루엔셜,20210428,소설
4,조국의 시간,"15,300",조국,한길사,20210531,정치/사회
5,소크라테스 익스프레스,"16,200",에릭 와이너,어크로스,20210428,인문
6,공정하다는 착각,"16,200",마이클 샌델,와이즈베리,20201201,인문
7,2030 축의 전환(30만 부 기념 리커버),"16,200",마우로 기옌,리더스북,20221118,경제/경영
8,달러구트 꿈 백화점 2(레인보우 에디션),"12,420",이미예,팩토리나인,20210727,소설
9,완전한 행복,"14,220",정유정,은행나무,20210608,소설
10,해커스 토익 기출보카 TOEIC VOCA(토익보카) 단어장,"11,610",David Cho,해커스어학연구소,20220314,외국어
11,아몬드,"12,600",손원평,창비,20170331,소설
12,어떻게 말해줘야 할까,"15,750",오은영,김영사,20201025,가정/육아
13,부자 아빠 가난한 아빠 1(20주년 특별 기념판),"15,300",로버트 기요사키,민음인,20221028,경제/경영
14,"오늘 밤, 세계에서 이 사랑이 사라진다 해도","12,600",이치조 미사키,모모,20210628,소설
15,돈의 속성(300쇄 리커버에디션),"16,020",김승호,스노우폭스북스,20200615,경제/경영
16,트렌드 코리아 2022,"16,200",김난도 외,미래의창,20211006,경제/경영
17,질서 너머,"16,020",조던 피터슨,웅진지식하우스,20210322,인문
18,주식투자 무작정 따라하기(2020),"16,200",윤재수,길벗,20200110,경제/경영
19,작은 별이지만 빛나고 있어(20만 부 기념 한정판 에디션),"13,500",소윤,북로망스,20210929,시/에세이
20,흔한남매 7,"10,800",흔한남매 ,미래엔아이세움,20210310,어린이(초등)
21,부의 시나리오,"16,200",오건영,페이지2북스,20210607,경제/경영
22,기분이 태도가 되지 않게,"12,600",레몬심리,갤리온,20200630,자기계발
23,돈의 심리학,"17,820",모건 하우절,인플루엔셜,20210113,경제/경영
24,인간 실격,"8,100",다자이 오사무,민음사,20120410,소설
25,공간의 미래,"14,400",유현준,을유문화사,20210425,인문
26,좋은 사람에게만 좋은 사람이면 돼,"13,320",김재식,위즈덤하우스,20210321,시/에세이
27,모래알만 한 진실이라도,"15,300",박완서,세계사,20220630,시/에세이
28,트렌드 코리아 2021,"16,200",김난도 외,미래의창,20201013,경제/경영
29,메타버스,"15,300",김상균,플랜비디자인,20201218,경제/경영
30,불편한 편의점(벚꽃 에디션),"12,600",김호연,나무옆의자,20210420,소설
31,파친코 1,"13,050",이민진,문학사상,20180309,소설
32,어린이라는 세계,"13,500",김소영,사계절,20201116,시/에세이
33,마지막 몰입: 나를 넘어서는 힘,"15,120",짐 퀵,비즈니스북스,20210223,자기계발
34,귀멸의 칼날 23(완결),"4,500",고토게 코요하루,학산문화사,20210425,만화
35,제12회 젊은작가상 수상작품집(2021),"12,600",전하영 외,문학동네,20210407,소설
36,인생은 실전이다,"16,650",주언규 외,상상스퀘어,20210908,시/에세이
37,월가의 영웅,"23,400",피터 린치 외,국일증권경제연구소,20210730,경제/경영
38,매매의 기술,"16,200",박병창,포레스트북스,20210514,경제/경영
39,부의 추월차선,"13,500",엠제이 드마코,토트,20130820,경제/경영
40,그러라 그래,"13,050",양희은,김영사,20210412,시/에세이
41,데일 카네기 인간관계론,"10,350",데일 카네기,현대지성,20191007,자기계발
42,햇빛은 찬란하고 인생은 귀하니까요: 밀라논나 이야기,"13,320",장명숙,김영사,20210818,시/에세이
43,코스모스,"17,910",칼 세이건,사이언스북스,20100120,과학
44,꽃을 보듯 너를 본다,"9,900",나태주,지혜,20201130,시/에세이
45,메타버스 새로운 기회,"16,920",김상균 외,베가북스,20210608,경제/경영
46,사피엔스,"24,120",유발 하라리,김영사,20230401,인문
47,총 균 쇠,"25,200",재레드 다이아몬드,문학사상,20051219,역사/문화
48,오은영의 화해,"14,400",오은영,코리아닷컴,20190110,자기계발
49,이토록 공부가 재미있어지는 순간(30만부 기념 매직 에디션),"13,500",박성혁,다산북스,20200727,청소년
50,우리가 빛의 속도로 갈 수 없다면,"12,600",김초엽,허블,20190624,소설
51,"아들아, 돈 공부해야 한다","14,220",정선용(정스토리),알에이치코리아,20210325,경제/경영
52,작별하지 않는다,"12,600",한강,문학동네,20210909,소설
53,왜 일하는가,"14,400",이나모리 가즈오,다산북스,20210412,자기계발
54,강원국의 어른답게 말합니다,"14,400",강원국,웅진지식하우스,20210526,자기계발
55,나의 첫 투자 수업 1: 마인드편,"15,300",김정환 외,트러스트북스,20210325,경제/경영
56,"시선으로부터,","12,600",정세랑,문학동네,20200605,소설
57,해커스 토익 스타트 리딩(Reading) RC,"13,410",David Cho,해커스어학연구소,20220221,외국어
58,미라클모닝,"13,320",할 엘로드,한빛비즈,20220805,자기계발
59,홀로서기 심리학(7만 부 기념 스페셜 에디션),"13,500",라라 E. 필딩,메이븐,20201109,인문
60,나미야 잡화점의 기적,"13,320",히가시노 게이고,현대문학,20121219,소설
61,백조와 박쥐,"16,200",히가시노 게이고,현대문학,20210816,소설
62,요리코를 위해,"13,500",노리즈키 린타로,모모,20200304,소설
63,돈의 시나리오,"15,300",김종봉 외,다산북스,20210113,경제/경영
64,모순,"11,700",양귀자,쓰다,20130401,소설
65,나는 나답게 살기로 했다,"12,150",손힘찬,스튜디오오드리,20210208,인문
66,설민석의 한국사 대모험 16,"10,800",설민석 외,아이휴먼,20210330,어린이(초등)
67,미래의 부,"15,300",이지성,차이정원,20210726,경제/경영
68,방구석 미술관,"15,120",조원재,블랙피쉬,20211221,예술/대중문화
69,흔한남매 불꽃 튀는 우리말 1,"12,600",흔한남매 ,다산어린이,20210302,어린이(초등)
70,운의 알고리즘,"14,400",정회도,소울소사이어티,20210428,자기계발
71,데미안(리커버 한정판)(초판본)(1919년 오리지널 초판본 패브릭 에디션),"10,800",헤르만 헤세,더스토리,20171030,소설
72,럭키,"14,400",김도윤,북로망스,20210825,자기계발
73,흔한남매 별난 방탈출 1,"10,800",흔한남매 ,미래엔아이세움,20201217,어린이(초등)
74,종의 기원,"11,700",정유정,은행나무,20160516,소설
75,이기적 유전자(리커버:K),"18,000",리처드 도킨스,을유문화사,20230130,과학
76,나의 하루는 4시 30분에 시작된다,"13,500",김유진,토네이도,20211028,자기계발
77,타이탄의 도구들(블랙 에디션),"16,200",팀 페리스,토네이도,20220620,자기계발
78,문명 1,"13,320",베르나르 베르베르,열린책들,20210530,소설
79,월급쟁이 부자로 은퇴하라,"16,200",너나위,알에이치코리아,20190522,경제/경영
80,어떤 죽음이 삶에게 말했다,"13,500",김범석,흐름출판,20210118,시/에세이
81,"안녕, 소중한 사람","13,500",정한경,북로망스,20200916,시/에세이
82,생각이 너무 많은 서른 살에게,"14,400",김은주,메이븐,20210610,자기계발
83,정의란 무엇인가,"13,500",마이클 샌델,와이즈베리,20141120,인문
84,주린이도 술술 읽는 친절한 주식책,"13,500",최정희 외,메이트북스,20200901,경제/경영
85,긴긴밤,"10,350",루리,문학동네,20210203,어린이(초등)
86,추리 천재 엉덩이 탐정 10: 사랑의 포로 사건,"10,800",트롤,미래엔아이세움,20201215,어린이(초등)
87,마음챙김의 시,"11,700",류시화 ,수오서재,20200917,시/에세이
88,돈의 역사는 되풀이된다,"14,400",홍춘욱,포르체,20210616,경제/경영
89,부의 인문학,"13,500",브라운스톤(우석),오픈마인드,20191004,경제/경영
90,밝은 밤,"13,050",최은영,문학동네,20210727,소설
91,아몬드,"11,700",손원평,창비,20170331,청소년
92,봉제인형 살인사건,"13,500",다니엘 콜,북플라자,20171020,소설
93,지적 대화를 위한 넓고 얕은 지식 1,"14,400",채사장,웨일북(whalebooks),20200205,인문
94,오늘은 이만 좀 쉴게요(10만 부 기념 스페셜 에디션),"12,600",손힘찬(오가타 마리토),스튜디오오드리,20210310,시/에세이
95,지적 대화를 위한 넓고 얕은 지식: 제로 편,"17,820",채사장,웨일북(whalebooks),20191224,인문
96,해커스 토익 스타트 리스닝(Listening) LC,"13,410",David Cho,해커스어학연구소,20220221,외국어
97,다산의 마지막 습관,"14,400",조윤제,청림출판,20201116,자기계발
98,현명한 투자자,"20,700",벤저민 그레이엄,국일증권경제연구소,20200526,경제/경영
99,지구 끝의 온실,"13,500",김초엽,자이언트북스,20210818,소설
100,EEA: English for Everyday Activities(한글판),"12,600",Lawrence J. Zwier,웅진컴퍼스,20201217,외국어
101,일인칭 단수,"13,050",무라카미 하루키,문학동네,20201126,소설
102,나는 나로 살기로 했다,"12,420",김수현,마음의숲,20200316,시/에세이
103,대한민국 재건축 재개발 지도,"17,100",정지영,다산북스,20210825,경제/경영
104,보통의 언어들,"13,050",김이나,위즈덤하우스,20200527,시/에세이
105,블랙 쇼맨과 이름 없는 마을의 살인,"17,820",히가시노 게이고,알에이치코리아,20201130,소설
106,뉴욕주민의 진짜 미국식 주식투자,"20,700",뉴욕주민,비즈니스북스,20201216,경제/경영
107,소수몽키의 한 권으로 끝내는 미국주식,"18,000",소수몽키(홍승초),길벗,20210324,경제/경영
108,듄 1(DUNE),"22,500",프랭크 허버트,황금가지,20210121,소설
109,"빌 게이츠, 기후 재앙을 피하는 법","16,020",빌 게이츠,김영사,20210216,정치/사회
110,거꾸로 읽는 세계사,"15,750",유시민,돌베개,20211029,역사/문화
111,비전공자를 위한 이해할 수 있는 IT 지식,"15,120",최원영,티더블유아이지,20200714,컴퓨터/IT
112,멘탈의 연금술,"14,400",보도 섀퍼,토네이도,20201214,자기계발
113,체리새우: 비밀글입니다,"10,350",황영미,문학동네,20190128,청소년
114,주식 공부 5일 완성,"16,200",박민수,비즈니스북스,20210118,경제/경영
115,"위기의 시대, 돈의 미래","15,750",짐 로저스,리더스북,20201120,경제/경영
116,130층 나무 집,"12,600",앤디 그리피스,시공주니어,20210315,어린이(초등)
117,나는 주식 대신 달러를 산다,"14,400",박성현,알에이치코리아,20210530,경제/경영
118,미드나잇 선 1,"14,220",스테프니 메이어,북폴리오,20201224,소설
119,존리의 금융문맹 탈출,"14,400",존 리,베가북스,20201012,경제/경영
120,강방천의 관점,"22,500",강방천,한국경제신문,20210303,경제/경영
121,휴먼카인드(리커버 특별판),"19,800",뤼트허르 브레흐만,인플루엔셜,20210302,인문
122,투자의 본질,"16,200",박세익,위너스북,20210820,경제/경영
123,50 홍정욱 에세이,"13,050",홍정욱,위즈덤하우스,20210114,시/에세이
124,싱크 어게인(리커버 블랙 에디션),"17,820",애덤 그랜트,한국경제신문,20210330,경제/경영
125,알사탕,"10,800",백희나,책읽는곰,20170325,유아(0~7세)
126,나의 첫 주식 교과서,"14,850",강방천 외,페이지2북스,20210721,경제/경영
127,나는 나무처럼 살고 싶다(10만 부 기념 스페셜 에디션),"14,400",우종영,메이븐,20210208,인문
128,이상한 과자 가게 전천당 1,"10,800",히로시마 레이코,길벗스쿨,20190705,어린이(초등)
129,흔한남매의 흔한 호기심 2,"10,800",흔한남매 ,미래엔아이세움,20201217,어린이(초등)
130,더 해빙(The Having)(50만부 기념 리커버 에디션),"14,400",이서윤 외,수오서재,20200301,자기계발
131,부의 대이동,"15,300",오건영,페이지2북스,20200723,경제/경영
132,마법천자문 50: 착해져라! 착할 선,"12,600",유대영,아울북,20210120,어린이(초등)
133,임신 출산 육아 대백과(2021~2022),"17,550",삼성출판사 편집부,삼성출판사,20210731,가정/육아
134,그냥 하지 말라,"15,300",송길영,북스톤,20211005,경제/경영
135,팩트풀니스,"17,820",한스 로슬링 외,김영사,20190310,인문
136,페인트,"11,700",이희영,창비,20190419,청소년
137,데일 카네기 자기관리론(1948년 초판 완역본),"10,350",데일 카네기,현대지성,20210113,자기계발
138,"돈, 뜨겁게 사랑하고 차갑게 다루어라","10,800",앙드레 코스톨라니,미래의창,20150930,경제/경영
139,떠난 후에 남겨진 것들,"13,050",김새별 외,청림출판,20200929,시/에세이
140,해커스 OPIc 오픽 Advanced 공략,"14,310",해커스 오픽연구소,해커스,20210813,외국어
141,당신이 옳다,"15,750",정혜신,해냄출판사,20181010,인문
142,재무제표 모르면 주식투자 절대로 하지마라,"17,820",사경인,베가북스,20200110,경제/경영
143,나의 한국현대사 1959-2020,"17,100",유시민,돌베개,20210120,역사/문화
144,지구를 위한다는 착각,"19,800",마이클 셸런버거,부키,20210427,정치/사회
145,끌리는 말투 호감 가는 말투,"13,320",리우난,리드리드출판,20210325,자기계발
146,불안한 사람들,"14,220",프레드릭 배크만,다산책방,20210514,소설
147,어떻게 인생을 살 것인가(특별판),"15,300",쑤린,다연,20210215,자기계발
148,나를 사랑하는 연습(10만 부 판매 기념 리커버 에디션),"12,600",정영욱,부크럼,20200102,자기계발
149,미움받을 용기,"13,410",기시미 이치로 외,인플루엔셜,20141117,인문
150,역사의 쓸모,"13,500",최태성,다산초당,20191122,인문
151,하버드 상위 1퍼센트의 비밀(리커버 에디션),"14,400",정주영,한국경제신문,20181017,자기계발
152,멋진 신세계,"12,420",올더스 헉슬리,소담출판사,20150612,소설
153,그게 너였으면 좋겠다,"13,950",일홍,피카(FIKA),20210426,시/에세이
154,더 보스(The Boss),"13,950",안규호,떠오름(RISE),20210517,자기계발
155,월든(완결판),"11,700",헨리 데이빗 소로우,은행나무,20110822,시/에세이
156,메트로폴리스,"24,300",벤 윌슨,매일경제신문사,20210308,역사/문화
157,보건교사 안은영(특별판),"12,600",정세랑,민음사,20200911,소설
158,서울 자가에 대기업 다니는 김 부장 이야기 1: 김부장 편,"13,500",송희구,서삼독,20210825,자기계발
159,시크릿,"15,120",론다 번,살림Biz,20070618,자기계발
160,귀멸의 칼날 공식팬북,"8,550",고토게 코요하루,학산문화사,20200924,만화
161,달까지 가자,"12,600",장류진,창비,20210415,소설
162,프리워커스,"14,400",모빌스그룹,알에이치코리아,20210501,경제/경영
163,아주 작은 습관의 힘,"14,400",제임스 클리어,비즈니스북스,20190226,자기계발
164,잘했고 잘하고 있고 잘 될 것이다(스페셜 리미티드 에디션),"13,500",정영욱,부크럼,20210514,시/에세이
165,연금술사,"10,800",파울로 코엘료,문학동네,20181205,소설
166,데미안,"7,200",헤르만 헤세,민음사,20090120,소설
167,아홉 살 마음 사전,"11,700",박성우,창비,20230209,어린이(초등)
168,상장기업 업종 지도(2021),"14,400",박찬일,에프엔미디어,20210101,경제/경영
169,모든 날에 모든 순간에 위로를 보낸다,"12,420",글배우,강한별,20210407,시/에세이
170,엑시트(Exit),"15,300",송희창,지혜로,20201123,경제/경영
171,Do it! 점프 투 파이썬,"16,920",박응용,이지스퍼블리싱,20190620,컴퓨터/IT
172,존리의 부자되기 습관(20만부 기념 리커버 에디션),"13,500",존 리,지식노마드,20200115,경제/경영
173,그렇게 말해줘서 고마워,"13,320",김유진,피카(FIKA),20201015,시/에세이
174,사랑의 온도,"12,960",고경표,떠오름(RISE),20201204,시/에세이
175,수학 잘하는 아이는 이렇게 공부합니다,"15,120",류승재,블루무스,20221209,가정/육아
176,부의 품격: 착하게 살아도 성공할 수 있다,"14,220",양원근,성안당,20210702,자기계발
177,해커스 보카(Hackers Vocabulary),"15,210",David Cho,해커스어학연구소,20211213,외국어
178,심리학을 만나 행복해졌다(특별판 리커버에디션),"15,120",장원청,미디어숲,20210210,자기계발
179,IT 좀 아는 사람,"16,020",닐 메타 외,윌북,20210120,경제/경영
180,세금 내는 아이들,"12,600",옥효진,한국경제신문,20210615,어린이(초등)
181,원피스 98: 충신 킨,"4,500",Eiichiro Oda,대원씨아이,20210310,만화
182,제로 투 원(리커버 에디션),"14,400",피터 틸 외,한국경제신문,20211004,경제/경영
183,빅터 프랭클의 죽음의 수용소에서,"11,700",빅터 프랭클,청아출판사,20200530,시/에세이
184,유리멘탈을 위한 심리책,"12,600",미즈시마 히로코,갤리온,20210127,자기계발
185,아파트 청약 이렇게 쉬웠어?,"16,200",김태훈(베니아),지혜로,20210820,경제/경영
186,세계를 건너 너에게 갈게,"11,250",이꽃님,문학동네,20210924,청소년
187,걸어 다니는 어원 사전,"15,120",마크 포사이스,윌북,20200907,인문
188,눈 떠보니 선진국,"14,850",박태웅,한빛비즈,20210801,정치/사회
189,7년의 밤,"13,050",정유정,은행나무,20160530,소설
190,토익 단기공략 750+(LC+RC),"16,200",ETS,YBM,20200820,외국어
191,읽으면서 바로 써먹는 어린이 속담: 바이러스 편,"10,800",한날,파란정원,20201218,어린이(초등)
192,양순이네 떡집,"9,900",김리리,비룡소,20210816,어린이(초등)
193,지리의 힘,"18,000",팀 마샬,사이,20160810,정치/사회
194,자존감 수업,"15,300",윤홍균,심플라이프,20160901,인문
1,더 해빙(The Having)(50만부 기념 리커버 에디션),"14,400",이서윤 외,수오서재,20200301,자기계발
2,돈의 속성(300쇄 리커버에디션),"16,020",김승호,스노우폭스북스,20200615,경제/경영
3,아몬드,"12,600",손원평,창비,20170331,소설
4,하버드 상위 1퍼센트의 비밀(리커버 에디션),"14,400",정주영,한국경제신문,20181017,자기계발
5,지적 대화를 위한 넓고 얕은 지식: 제로 편,"17,820",채사장,웨일북(whalebooks),20191224,인문
6,존리의 부자되기 습관(20만부 기념 리커버 에디션),"13,500",존 리,지식노마드,20200115,경제/경영
7,주식투자 무작정 따라하기(2020),"16,200",윤재수,길벗,20200110,경제/경영
8,흔한남매 3,"10,800",흔한남매 ,미래엔아이세움,20200109,어린이(초등)
9,해커스 토익 기출보카 TOEIC VOCA(토익보카) 단어장,"11,610",David Cho,해커스어학연구소,20220314,외국어
10,내가 원하는 것을 나도 모를 때,"14,400",전승환,다산초당,20200108,인문
11,달러구트 꿈 백화점,"12,420",이미예,팩토리나인,20200708,소설
12,데미안(리커버 한정판)(초판본)(1919년 오리지널 초판본 패브릭 에디션),"10,800",헤르만 헤세,더스토리,20171030,소설
13,1cm 다이빙,"12,150",태수 외,피카(FIKA),20200121,시/에세이
14,지쳤거나 좋아하는 게 없거나,"12,150",글배우,강한별,20190904,시/에세이
15,김미경의 리부트,"14,400",김미경,웅진지식하우스,20200701,자기계발
16,한번도 경험해보지 못한 나라,"16,020",강양구 외,천년의상상,20200825,정치/사회
17,트렌드 코리아 2021,"16,200",김난도 외,미래의창,20201013,경제/경영
18,팩트풀니스,"17,820",한스 로슬링 외,김영사,20190310,인문
19,당신이 옳다,"15,750",정혜신,해냄출판사,20181010,인문
20,보건교사 안은영(특별판),"12,600",정세랑,민음사,20200911,소설
21,총 균 쇠,"25,200",재레드 다이아몬드,문학사상,20051219,역사/문화
22,애쓰지 않고 편안하게(20만 부 기념 에디션),"13,500",김수현,놀,20200514,시/에세이
23,녹나무의 파수꾼,"16,020",히가시노 게이고,소미미디어,20200317,소설
24,코스모스,"17,910",칼 세이건,사이언스북스,20100120,과학
25,"1일 1페이지, 세상에서 가장 짧은 교양 수업 365","14,400",데이비드 S. 키더 외,위즈덤하우스,20191030,인문
26,우리가 빛의 속도로 갈 수 없다면,"12,600",김초엽,허블,20190624,소설
27,기억 1,"15,120",베르나르 베르베르,열린책들,20200530,소설
28,나는 나로 살기로 했다,"12,420",김수현,마음의숲,20200316,시/에세이
29,날씨가 좋으면 찾아가겠어요,"12,420",이도우,시공사,20180628,소설
30,부의 추월차선,"13,500",엠제이 드마코,토트,20130820,경제/경영
31,사피엔스,"24,120",유발 하라리,김영사,20230401,인문
32,재무제표 모르면 주식투자 절대로 하지마라,"17,820",사경인,베가북스,20200110,경제/경영
33,지리의 힘,"18,000",팀 마샬,사이,20160810,정치/사회
34,부의 대이동,"15,300",오건영,페이지2북스,20200723,경제/경영
35,페스트,"12,600",알베르 카뮈,민음사,20110403,소설
36,데일 카네기 인간관계론,"10,350",데일 카네기,현대지성,20191007,자기계발
37,코로나 이후의 세계,"13,320",제이슨 솅커,미디어숲,20200530,경제/경영
38,보통의 언어들,"13,050",김이나,위즈덤하우스,20200527,시/에세이
39,에이트,"15,300",이지성,차이정원,20191021,자기계발
40,지적 대화를 위한 넓고 얕은 지식 1,"14,400",채사장,웨일북(whalebooks),20200205,인문
41,부자 아빠 가난한 아빠 1(20주년 특별 기념판),"15,300",로버트 기요사키,민음인,20221028,경제/경영
42,성숙한 어른이 갖춰야 할 좋은 심리 습관,"13,500",류쉬안,다연,20200511,자기계발
43,죽은 자의 집 청소,"12,420",김완,김영사,20200530,시/에세이
44,아내를 모자로 착각한 남자,"18,900",올리버 색스,알마,20221223,과학
45,룬샷,"16,200",사피 바칼,흐름출판,20200427,경제/경영
46,딸에게 보내는 심리학 편지(10만 부 기념 스페셜 에디션),"14,400",한성희,메이븐,20200128,인문
47,봉제인형 살인사건,"13,500",다니엘 콜,북플라자,20171020,소설
48,이토록 공부가 재미있어지는 순간(30만부 기념 매직 에디션),"13,500",박성혁,다산북스,20200727,청소년
49,꽃을 보듯 너를 본다,"9,900",나태주,지혜,20201130,시/에세이
50,부의 인문학,"13,500",브라운스톤(우석),오픈마인드,20191004,경제/경영
51,내일의 부 1: 알파편,"14,400",김장섭(조던),트러스트북스,20200116,경제/경영
52,만남은 지겹고 이별은 지쳤다,"12,420",색과 체,떠오름(RISE),20200623,시/에세이
53,추리 천재 엉덩이 탐정 9: 세 마리 행운 고양이 사건,"10,800",트롤,미래엔아이세움,20200115,어린이(초등)
54,설민석의 한국사 대모험 13,"10,800",설민석 외,아이휴먼,20200323,어린이(초등)
55,트렌드 코리아 2020,"16,200",김난도 외,미래의창,20191024,경제/경영
56,여행의 이유,"12,150",김영하,문학동네,20190417,시/에세이
57,설민석의 삼국지 1,"19,800",설민석,세계사,20190717,인문
58,매우 예민한 사람들을 위한 책(10만 부 기념 리커버),"16,200",전홍진,글항아리,20200723,인문
59,타인의 해석,"16,650",말콤 글래드웰,김영사,20200323,자기계발
60,설민석의 조선왕조실록,"19,800",설민석,세계사,20160720,역사/문화
61,타이탄의 도구들(블랙 에디션),"16,200",팀 페리스,토네이도,20220620,자기계발
62,멋진 신세계,"12,420",올더스 헉슬리,소담출판사,20150612,소설
63,"시선으로부터,","12,600",정세랑,문학동네,20200605,소설
64,이기적 유전자(리커버:K),"18,000",리처드 도킨스,을유문화사,20230130,과학
65,해커스 토익 스타트 리딩(Reading) RC,"13,410",David Cho,해커스어학연구소,20220221,외국어
66,방구석 미술관,"15,120",조원재,블랙피쉬,20211221,예술/대중문화
67,나미야 잡화점의 기적,"13,320",히가시노 게이고,현대문학,20121219,소설
68,선량한 차별주의자,"13,500",김지혜,창비,20190717,정치/사회
69,언컨택트,"16,200",김용섭,퍼블리온,20200420,경제/경영
70,아주 작은 습관의 힘,"14,400",제임스 클리어,비즈니스북스,20190226,자기계발
71,살고 싶다는 농담,"14,400",허지웅,웅진지식하우스,20200817,시/에세이
72,흔한남매 안 흔한 일기 1,"10,800",흔한남매 ,미래엔아이세움,20200227,어린이(초등)
73,언어의 온도(170만부 기념 에디션),"12,420",이기주,말글터,20160819,시/에세이
74,소년이 온다,"13,500",한강,창비,20140519,소설
75,정의란 무엇인가,"13,500",마이클 샌델,와이즈베리,20141120,인문
76,나의 하루는 4시 30분에 시작된다,"13,500",김유진,토네이도,20211028,자기계발
77,해빗,"15,300",웬디 우드,다산북스,20191217,자기계발
78,마음챙김의 시,"11,700",류시화 ,수오서재,20200917,시/에세이
79,오래 준비해온 대답,"14,850",김영하,복복서가,20200429,시/에세이
80,아비투스,"16,200",도리스 메르틴,다산초당,20200803,인문
81,공간이 만든 공간,"14,850",유현준,을유문화사,20200501,인문
82,돌이킬 수 없는 약속,"13,500",야쿠마루 가쿠,북플라자,20170202,소설
83,그 환자,"12,600",재스퍼 드윗,시월이일,20200812,소설
84,기분이 태도가 되지 않게,"12,600",레몬심리,갤리온,20200630,자기계발
85,시작의 기술,"14,400",개리 비숍,웅진지식하우스,20190417,자기계발
86,지금 이대로 좋다,"13,320",법륜,정토출판,20191030,시/에세이
87,어떻게 말해줘야 할까,"15,750",오은영,김영사,20201025,가정/육아
88,너에게만 좋은 사람이 되고 싶어(리커버 한정판),"12,150",유귀선,스튜디오오드리,20191016,시/에세이
89,트바로티 김호중,"15,300",스토리베리,스튜디오오드리,20200814,시/에세이
90,루팡의 딸,"13,500",요코제키 다이,북플라자,20190925,소설
91,"파타고니아, 파도가 칠 때는 서핑을","17,820",이본 쉬나드,라이팅하우스,20200430,경제/경영
92,나는 무조건 합격하는 공부만 한다,"13,500",이윤규,비즈니스북스,20191216,자기계발
93,117층 나무 집,"12,600",앤디 그리피스,시공주니어,20200110,어린이(초등)
94,이상한 과자 가게 전천당 1,"10,800",히로시마 레이코,길벗스쿨,20190705,어린이(초등)
95,알사탕,"10,800",백희나,책읽는곰,20170325,유아(0~7세)
96,일의 기쁨과 슬픔,"12,600",장류진,창비,20191025,소설
97,내일의 부 2: 오메가편,"14,400",김장섭(조던),트러스트북스,20200220,경제/경영
98,배움의 발견,"19,800",타라 웨스트오버,열린책들,20200105,시/에세이
99,해커스 토익 스타트 리스닝(Listening) LC,"13,410",David Cho,해커스어학연구소,20220221,외국어
100,폴리매스,"16,920",와카스 아메드,안드로메디안,20200929,자기계발
101,지적 대화를 위한 넓고 얕은 지식 2,"14,400",채사장,웨일북(whalebooks),20200205,인문
102,양준일 Maybe,"16,200",양준일 외,모비딕북스,20200214,시/에세이
103,작은 아씨들(영화 공식 원작 소설 오리지널 커버),"16,200",루이자 메이 올컷,알에이치코리아,20200212,소설
104,내가 죽으면 장례식에 누가 와줄까(너나들이 리커버 에디션),"13,500",김상현,필름(Feelm),20200116,시/에세이
105,심판,"13,320",베르나르 베르베르,열린책들,20200905,소설
106,데미안,"7,200",헤르만 헤세,민음사,20090120,소설
107,심리학을 만나 행복해졌다,"14,220",장원청,미디어숲,20200310,자기계발
108,괜찮지 않은데 괜찮은 척했다,"12,150",글배우,강한별,20200723,시/에세이
109,공부란 무엇인가,"14,400",김영민,어크로스,20200826,인문
110,임신 출산 육아 대백과(2021~2022),"17,550",삼성출판사 편집부,삼성출판사,20210731,가정/육아
111,킵고잉(Keep Going),"16,920",주언규,21세기북스,20200724,경제/경영
112,페인트,"11,700",이희영,창비,20190419,청소년
113,이미 어쩔 수 없는 힘듦이 내게 찾아왔다면,"12,150",글배우,강한별,20200324,시/에세이
114,미움받을 용기,"13,410",기시미 이치로 외,인플루엔셜,20141117,인문
115,코로나 사피엔스,"13,500",최재천 외,인플루엔셜,20200610,인문
116,세계미래보고서 2035-2055,"19,800",박영숙 외,교보문고,20200605,경제/경영
117,모든 사람에게 좋은 사람일 필요는 없어,"12,420",김유은,좋은북스,20190927,시/에세이
118,노화의 종말,"19,800",데이비드 A. 싱클레어 외,부키,20200730,인문
119,사랑한다고 상처를 허락하지 말 것,"13,050",김달,비에이블,20200417,시/에세이
120,인생의 태도,"14,400",웨인 다이어,더퀘스트,20200619,인문
121,규칙 없음,"22,500",리드 헤이스팅스 외,알에이치코리아,20200908,경제/경영
122,이 한마디가 나를 살렸다,"17,820",김미경,21세기북스,20200325,자기계발
123,명리심리학,"14,400",양창순,다산북스,20200225,인문
124,아홉 명의 완벽한 타인들,"14,220",리안 모리아티,마시멜로,20191025,소설
125,코로나 투자 전쟁,"15,120",정채진 외,페이지2북스,20200525,경제/경영
126,우리가 인생이라 부르는 것들,"14,400",정재찬,인플루엔셜,20200225,인문
127,아홉 살 마음 사전,"11,700",박성우,창비,20230209,어린이(초등)
128,사랑은 내 시간을 기꺼이 건네주는 것이다,"13,050",이기주,황소북스,20200318,시/에세이
129,작가들의 비밀스러운 삶,"13,320",기욤 뮈소,밝은세상,20191121,소설
130,넛지,"16,200",안진환,리더스북,20181123,경제/경영
131,나를 사랑하는 연습(10만 부 판매 기념 리커버 에디션),"12,600",정영욱,부크럼,20200102,자기계발
132,해커스 OPIc 오픽 Advanced 공략,"14,310",해커스 오픽연구소,해커스,20210813,외국어
133,존리의 금융문맹 탈출,"14,400",존 리,베가북스,20201012,경제/경영
134,혼돈의 시대 리더의 탄생,"24,120",도리스 컨스 굿윈,커넥팅,20200226,정치/사회
135,열두 살에 부자가 된 키라,"15,120",보도 섀퍼,을파소,20141024,어린이(초등)
136,백만장자 시크릿,"14,400",하브 에커,알에이치코리아,20200713,경제/경영
137,공부머리 독서법,"14,850",최승필,책구루,20180503,인문
138,현명한 투자자,"20,700",벤저민 그레이엄,국일증권경제연구소,20200526,경제/경영
139,월급쟁이 재테크 상식사전,"15,750",우용표,길벗,20190607,경제/경영
140,자존감 수업,"15,300",윤홍균,심플라이프,20160901,인문
141,장군이네 떡집,"9,900",김리리,비룡소,20220321,어린이(초등)
142,사람은 어떻게 생각하고 배우고 기억하는가,"15,300",제레드 쿠니 호바스,토네이도,20200320,자기계발
143,"엄마, 주식 사주세요(리커버 에디션)","13,500",존 리,한국경제신문,20200528,경제/경영
144,사서함 110호의 우편물,"11,700",이도우,시공사,20160318,소설
145,말 그릇,"13,500",김윤나,카시오페아,20170922,자기계발
146,선물주는산타의 주식투자 시크릿,"14,400",선물주는산타,비즈니스북스,20200416,경제/경영
147,체리새우: 비밀글입니다,"10,350",황영미,문학동네,20190128,청소년
148,마음을 읽는 아이 오로르,"13,500",더글라스 케네디,밝은세상,20200228,소설
149,만복이네 떡집,"9,900",김리리,비룡소,20220309,어린이(초등)
150,마음의 결,"12,420",태희,피어오름,20190508,시/에세이
151,피프티 피플,"12,600",정세랑,창비,20161121,소설
152,이러지도 저러지도 못하는 당신에게,"11,700",강주원,비로소,20191028,시/에세이
153,백년운동,"17,550",정선근,아티잔,20191031,건강
154,"돈, 뜨겁게 사랑하고 차갑게 다루어라","10,800",앙드레 코스톨라니,미래의창,20150930,경제/경영
155,어른의 어휘력,"14,850",유선경,앤의서재,20200815,인문
156,백년 허리,"15,750",정선근,사이언스북스,20151231,건강
157,페스트(초판본)(1947년 오리지널 초판본 표지디자인),"12,420",알베르 카뮈,더스토리,20200320,소설
158,사람에 대한 예의,"13,500",권석천,어크로스,20200605,인문
159,진짜 부자 가짜 부자,"15,300",사경인,더클래스,20200417,경제/경영
160,설민석의 세계사 대모험 4,"10,800",설민석 외,단꿈아이,20200113,어린이(초등)
161,영어회화 이디엄,"13,500",김아영 외,사람in,20200103,외국어
162,마법천자문 47: 잠드는 시간! 밤 야,"12,600",김현수,아울북,20200129,어린이(초등)
163,브람스를 좋아하세요,"7,650",프랑수아즈 사강,민음사,20080502,소설
164,해커스 보카(Hackers Vocabulary),"15,210",David Cho,해커스어학연구소,20211213,외국어
165,이유가 많으니 그냥이라고 할 수밖에,"12,150",을냥이,스튜디오오드리,20200423,시/에세이
166,역사의 쓸모,"13,500",최태성,다산초당,20191122,인문
167,빨강 머리 앤,"15,120",루시 모드 몽고메리,더모던,20190510,소설
168,말센스,"13,050",셀레스트 헤들리,스몰빅라이프,20190225,자기계발
169,기적의 말하기 영단어 1000,"8,100",이시원,시원스쿨닷컴,20190212,외국어
170,42가지 마음의 색깔,"14,400",크리스티나 누녜스 페레이라 외,레드스톤,20220215,유아(0~7세)
171,철학은 어떻게 삶의 무기가 되는가,"14,400",야마구치 슈,다산초당,20190121,인문
172,너와 함께라면 인생도 여행이다,"12,150",나태주,열림원,20191212,시/에세이
173,영어 회화의 결정적 단어들,"16,200",서영조,사람in,20200306,외국어
174,경제기사 궁금증 300문 300답(2020),"17,820",곽해선,혜다,20191225,경제/경영
175,부동산 상식사전,"15,750",백영록,길벗,20190130,경제/경영
176,통찰과 역설,"15,120",천공,마음서재,20200620,자기계발
177,더 위험한 과학책,"19,800",랜들 먼로,시공사,20200125,과학
178,해커스 토익 왕기초 RC Reading 리딩,"12,510",해커스 어학연구소,해커스어학연구소,20211213,외국어
179,그림의 힘(리커버 에디션),"17,820",김선현,에이트포인트,20200715,자기계발
180,못 참는 아이 욱하는 부모(50만 부 발매 기념 리커버 에디션),"15,120",오은영,코리아닷컴,20160515,가정/육아
181,지구에서 한아뿐,"11,700",정세랑,난다,20190731,소설
182,미라클모닝,"13,320",할 엘로드,한빛비즈,20220805,자기계발
183,인간 실격,"8,100",다자이 오사무,민음사,20120410,소설
184,좋은 말씀,"15,300",맑고 향기롭게,시공사,20200430,시/에세이
185,초집중,"15,120",니르 이얄 외,안드로메디안,20200722,자기계발
186,수상한 화장실,"11,700",박현숙,북멘토,20200327,어린이(초등)
187,모순,"11,700",양귀자,쓰다,20130401,소설
188,원피스 95,"4,500",Eiichiro Oda,대원씨아이,20200331,만화
189,당신의 삶에 명상이 필요할 때,"14,850",앤디 퍼디컴,스노우폭스북스,20200305,자기계발
190,"안녕, 소중한 사람","13,500",정한경,북로망스,20200916,시/에세이
191,초격차: 리더의 질문,"16,200",권오현,쌤앤파커스,20200910,경제/경영
1,여행의 이유,"12,150",김영하,문학동네,20190417,시/에세이
2,고요할수록 밝아지는 것들,"13,500",혜민,수오서재,20181206,시/에세이
3,나는 나로 살기로 했다,"12,420",김수현,마음의숲,20200316,시/에세이
4,철학은 어떻게 삶의 무기가 되는가,"14,400",야마구치 슈,다산초당,20190121,인문
5,봉제인형 살인사건,"13,500",다니엘 콜,북플라자,20171020,소설
6,아주 작은 습관의 힘,"14,400",제임스 클리어,비즈니스북스,20190226,자기계발
7,꽃을 보듯 너를 본다,"9,900",나태주,지혜,20201130,시/에세이
8,돌이킬 수 없는 약속,"13,500",야쿠마루 가쿠,북플라자,20170202,소설
9,흔한남매 1,"9,900",흔한남매 외,미래엔아이세움,20190620,어린이(초등)
10,"곰돌이 푸, 행복한 일은 매일 있어","13,320",곰돌이 푸 ,알에이치코리아,20221014,시/에세이
11,해커스 토익 기출보카 TOEIC VOCA(토익보카) 단어장,"11,610",David Cho,해커스어학연구소,20220314,외국어
12,82년생 김지영,"12,600",조남주,민음사,20161014,소설
13,언어의 온도(170만부 기념 에디션),"12,420",이기주,말글터,20160819,시/에세이
14,공부머리 독서법,"14,850",최승필,책구루,20180503,인문
15,하마터면 열심히 살 뻔했다,"13,500",하완,웅진지식하우스,20180423,시/에세이
16,50대 사건으로 보는 돈의 역사,"16,020",홍춘욱,로크미디어,20190424,경제/경영
17,죽음 1,"14,220",베르나르 베르베르,열린책들,20190530,소설
18,반일 종족주의,"18,000",이영훈 외,미래사,20190710,정치/사회
19,사피엔스,"24,120",유발 하라리,김영사,20230401,인문
20,당신이 옳다,"15,750",정혜신,해냄출판사,20181010,인문
21,말센스,"13,050",셀레스트 헤들리,스몰빅라이프,20190225,자기계발
22,유럽 도시 기행 1,"14,850",유시민,생각의길,20190709,인문
23,아가씨와 밤,"13,050",기욤 뮈소,밝은세상,20181126,소설
24,아몬드,"12,600",손원평,창비,20170331,소설
25,팩트풀니스,"17,820",한스 로슬링 외,김영사,20190310,인문
26,추리 천재 엉덩이 탐정 8: 괴도와 납치된 신부 사건,"10,800",트롤,미래엔아이세움,20190725,어린이(초등)
27,참 소중한 너라서,"14,220",김지훈,진심의꽃한송이,20181205,시/에세이
28,설민석의 삼국지 1,"19,800",설민석,세계사,20190717,인문
29,"걷는 사람, 하정우","13,950",하정우,문학동네,20181123,시/에세이
30,부자 아빠 가난한 아빠 1(20주년 특별 기념판),"15,300",로버트 기요사키,민음인,20221028,경제/경영
31,천년의 질문 1,"14,850",조정래,해냄출판사,20190611,소설
32,나미야 잡화점의 기적,"13,320",히가시노 게이고,현대문학,20121219,소설
33,인어가 잠든 집,"16,020",히가시노 게이고,재인,20190228,소설
34,지쳤거나 좋아하는 게 없거나,"12,150",글배우,강한별,20190904,시/에세이
35,트렌드 코리아 2019,"15,300",김난도 외,미래의창,20181026,경제/경영
36,추리 천재 엉덩이 탐정과 카레사건,"10,800",트롤,미래엔아이세움,20190501,어린이(초등)
37,설민석의 조선왕조실록,"19,800",설민석,세계사,20160720,역사/문화
38,죽고 싶지만 떡볶이는 먹고 싶어,"12,420",백세희,흔,20180620,시/에세이
39,심리학이 이렇게 쓸모 있을 줄이야,"11,700",류쉬안,다연,20190325,자기계발
40,개인주의자 선언,"12,150",문유석,문학동네,20220315,인문
41,빨강 머리 앤,"15,120",루시 모드 몽고메리,더모던,20190510,소설
42,역사의 쓸모,"13,500",최태성,다산초당,20191122,인문
43,"박막례, 이대로 죽을 순 없다","13,320",박막례 외,위즈덤하우스,20190531,시/에세이
44,포노 사피엔스,"15,120",최재붕,쌤앤파커스,20190312,경제/경영
45,어떻게 살 것인가,"13,500",유시민,생각의길,20130313,인문
46,자존감 수업,"15,300",윤홍균,심플라이프,20160901,인문
47,수미네 반찬 1(한정판 리커버 에디션),"15,300",김수미 외,성안당,20191111,요리
48,104층 나무 집,"12,600",앤디 그리피스,시공주니어,20190110,어린이(초등)
49,당신은 뇌를 고칠 수 있다,"17,820",톰 오브라이언,브론스테인,20190821,건강
50,백년을 살아보니,"13,500",김형석,덴스토리(Denstory),20160801,인문
51,나도 아직 나를 모른다,"13,320",허지원,홍익출판사,20181025,인문
52,트렌드 코리아 2020,"16,200",김난도 외,미래의창,20191024,경제/경영
53,코스모스,"17,910",칼 세이건,사이언스북스,20100120,과학
54,제10회 젊은작가상 수상작품집(2019),"11,700",박상영 외,문학동네,20190405,소설
55,설민석의 한국사 대모험 10,"10,800",설민석 외,아이휴먼,20220128,어린이(초등)
56,총 균 쇠,"25,200",재레드 다이아몬드,문학사상,20051219,역사/문화
57,직지 1,"12,600",김진명,쌤앤파커스,20190801,소설
58,골든아워 1,"14,220",이국종,흐름출판,20181002,시/에세이
59,무례한 사람에게 웃으며 대처하는 법,"12,420",정문정,가나출판사,20180108,시/에세이
60,타인의 시선을 의식해 힘든 나에게,"11,700",글배우,21세기북스,20190419,시/에세이
61,부의 추월차선,"13,500",엠제이 드마코,토트,20130820,경제/경영
62,이기적 유전자(리커버:K),"18,000",리처드 도킨스,을유문화사,20230130,과학
63,모든 순간이 너였다,"12,420",하태완,위즈덤하우스,20180216,시/에세이
64,내게 무해한 사람,"13,050",최은영,문학동네,20190620,소설
65,"진이, 지니","12,600",정유정,은행나무,20190527,소설
66,사업을 한다는 것,"14,400",레이 크록,센시오,20190531,경제/경영
67,좋은지 나쁜지 누가 아는가,"13,500",류시화,더숲,20190311,시/에세이
68,마력의 태동,"12,600",히가시노 게이고,현대문학,20190130,소설
69,일 잘하는 사람은 단순하게 합니다,"13,500",박소연,더퀘스트,20190322,자기계발
70,인생의 마지막 순간에서,"14,850",샐리 티스데일,비잉(Being),20190619,시/에세이
71,가장 예쁜 생각을 너에게 주고 싶다,"13,500",나태주,알에이치코리아,20170607,시/에세이
72,초예측,"15,300",유발 하라리 외,웅진지식하우스,20190208,인문
73,열두 발자국,"15,120",정재승,어크로스,20180702,인문
74,앞으로 5년 한국의 미래 시나리오,"22,500",최윤식 외,지식노마드,20190220,경제/경영
75,정리하는 뇌,"19,800",대니얼 J. 레비틴,와이즈베리,20150622,인문
76,임신 출산 육아 대백과(2019~2020),"16,650",삼성출판사 편집부,삼성출판사,20190701,가정/육아
77,"아들아, 삶에 지치고 힘들 때 이 글을 읽어라","13,500",윤태진,다연,20190422,자기계발
78,세계에서 가장 자극적인 나라,"14,400",짐 로저스,살림,20190527,경제/경영
79,방구석 미술관,"15,120",조원재,블랙피쉬,20211221,예술/대중문화
80,미움받을 용기,"13,410",기시미 이치로 외,인플루엔셜,20141117,인문
81,2020 부의 지각변동,"15,300",박종훈,21세기북스,20190705,경제/경영
82,혼자가 혼자에게,"13,950",이병률,달,20190919,시/에세이
83,연필로 쓰기,"13,950",김훈,문학동네,20190327,시/에세이
84,연애 백문백답,"11,700",유민지,우리사이플래닛,20190220,시/에세이
85,"라이언, 내 곁에 있어줘","15,300",전승환,아르테(arte),20190228,시/에세이
86,초격차,"16,200",권오현 외,쌤앤파커스,20180910,경제/경영
87,숨,"14,850",테드 창,엘리,20190520,소설
88,Who? K-pop BTS,"11,520",강진희,다산어린이,20181224,어린이(초등)
89,말의 품격,"13,050",이기주,황소북스,20170529,인문
90,말 그릇,"13,500",김윤나,카시오페아,20170922,자기계발
91,댄 애리얼리 부의 감각,"16,200",댄 애리얼리 외,청림출판,20180725,경제/경영
92,걱정이 많아서 걱정인 당신에게,"13,500",한창욱,정민미디어,20181120,자기계발
93,아침에는 죽음을 생각하는 것이 좋다,"13,500",김영민,어크로스,20181130,인문
94,우린 너무 몰랐다,"16,200",김용옥,통나무,20190128,역사/문화
95,나는 습관을 조금 바꾸기로 했다,"13,500",사사키 후미오,쌤앤파커스,20190211,자기계발
96,인간 본성의 법칙,"28,800",로버트 그린,위즈덤하우스,20190729,인문
97,나의 월급 독립 프로젝트,"16,200",유목민,리더스북,20190422,경제/경영
98,내가 확실히 아는 것들,"14,220",오프라 윈프리,북하우스,20141205,시/에세이
99,21세기를 위한 21가지 제언,"19,800",유발 하라리,김영사,20180903,인문
100,라틴어 수업,"13,500",한동일,흐름출판,20190429,인문
101,돈 공부는 처음이라,"14,400",김종봉 외,다산북스,20190222,경제/경영
102,마법천자문 44: 죄를 씻어 내라! 목욕할 욕,"8,820",김현수,아울북,20190128,어린이(초등)
103,브랜드가 되어 간다는 것,"13,500",강민호,턴어라운드,20190402,경제/경영
104,Who? Special 손흥민,"11,520",강진희,다산어린이,20181015,어린이(초등)
105,"명견만리: 불평등, 병리, 금융, 지역 편","14,220",KBS <명견만리> 제작팀,인플루엔셜,20190225,경제/경영
106,노르웨이의 숲,"13,500",무라카미 하루키,민음사,20170807,소설
107,에어프라이어 만능 레시피북,"10,800",강지현,메가스터디북스(엔트리),20190201,요리
108,당신의 마음을 안아줄게요,"14,220",김지훈,진심의꽃한송이,20190222,시/에세이
109,"곰돌이 푸, 서두르지 않아도 괜찮아(포레스트 에디션)","13,320",곰돌이 푸 ,알에이치코리아,20221004,시/에세이
110,"앞으로 10년, 대한민국 부동산(2019-2029)","14,400",김장섭(조던),트러스트북스,20190210,경제/경영
111,가면산장 살인사건,"15,120",히가시노 게이고,재인,20140926,소설
112,라플라스의 마녀,"15,120",히가시노 게이고,현대문학,20160111,소설
113,하마터면 회계를 모르고 일할 뻔했다!,"15,120",김수헌 외,어바웃어북,20181115,경제/경영
114,"대변동: 위기, 선택, 변화","22,320",재레드 다이아몬드,김영사,20190610,인문
115,쇼코의 미소,"13,050",최은영,문학동네,20190620,소설
116,하버드 100년 전통 말하기 수업,"13,320",류리나,리드리드출판,20190403,자기계발
117,인간 실격,"8,100",다자이 오사무,민음사,20120410,소설
118,해커스 보카(Hackers Vocabulary),"15,210",David Cho,해커스어학연구소,20211213,외국어
119,역사의 역사,"14,400",유시민,돌베개,20180625,역사/문화
120,"튜브, 힘낼지 말지는 내가 결정해","15,300",하상욱,아르테(arte),20190731,시/에세이
121,하고 싶은 대로 살아도 괜찮아,"11,700",윤정은,애플북스,20191104,시/에세이
122,해커스 OPIc 오픽 Advanced 공략,"14,310",해커스 오픽연구소,해커스,20210813,외국어
123,왕초보 영어회화 10분의 기적: 기초패턴으로 말하기,"10,710",해커스어학연구소,해커스어학연구소,20220221,외국어
124,그릿(50만부 판매 기념 리커버 골드에디션),"16,200",앤절라 더크워스,비즈니스북스,20221219,자기계발
125,이제껏 너를 친구라고 생각했는데,"13,500",성유미,인플루엔셜,20190315,인문
126,원피스 91: 사무라이 나라의 모험,"4,500",Eiichiro Oda,대원씨아이,20190228,만화
127,데미안(리커버 한정판)(초판본)(1919년 오리지널 초판본 패브릭 에디션),"10,800",헤르만 헤세,더스토리,20171030,소설
128,미국 영어 회화 문법 1: 명사 관련 활용,"16,200",김아영,사람in,20230515,외국어
129,Go Go 카카오프렌즈 6: 이탈리아,"13,320",김미영,아울북,20190129,어린이(초등)
130,여자 둘이 살고 있습니다,"13,320",김하나 외,위즈덤하우스,20190222,시/에세이
131,베스트 셀프,"16,830",마이크 베이어,안드로메디안,20190918,자기계발
132,설민석의 세계사 대모험 1,"10,800",설민석 외,단꿈아이,20190405,어린이(초등)
133,어떻게 살아야 할지 막막한 너에게,"13,950",우쥔,오월구일,20190816,자기계발
134,소년이 온다,"13,500",한강,창비,20140519,소설
135,우리가 함께 장마를 볼 수도 있겠습니다,"10,800",박준,문학과지성사,20181213,시/에세이
136,축구를 하며 생각한 것들,"16,200",손흥민,브레인스토어,20190712,시/에세이
137,수미네 반찬 2,"15,300",김수미 외,성안당,20190410,요리
138,검사내전,"13,500",김웅,부키,20180119,정치/사회
139,위저드 베이커리,"11,520",구병모,창비,20140210,소설
140,말투 때문에 말투 덕분에,"11,700",이오타 다쓰나리,포레스트북스,20190603,자기계발
141,부동산 상식사전,"15,750",백영록,길벗,20190130,경제/경영
142,대도시의 사랑법,"12,600",박상영,창비,20190628,소설
143,타이탄의 도구들(블랙 에디션),"16,200",팀 페리스,토네이도,20220620,자기계발
144,연금술사,"10,800",파울로 코엘료,문학동네,20181205,소설
145,월급쟁이 재테크 상식사전,"15,750",우용표,길벗,20190607,경제/경영
146,완벽하지 않은 것들에 대한 사랑,"13,320",혜민,수오서재,20160203,시/에세이
147,세상에서 제일 재밌는 종이접기,"12,600",네모아저씨 이원표,슬로래빗,20180824,가정/육아
148,편지,"17,100",히가시노 게이고,알에이치코리아,20190415,소설
149,데미안,"7,200",헤르만 헤세,민음사,20090120,소설
150,내 어머니 이야기 1,"13,950",김은성,애니북스,20190111,만화
151,알사탕,"10,800",백희나,책읽는곰,20170325,유아(0~7세)
152,참을 수 없는 존재의 가벼움,"13,500",밀란 쿤데라,민음사,20180620,소설
153,지성의 돈되는 부동산 1인법인,"17,100",지성,잇콘,20190113,경제/경영
154,영어회화 10분의 기적: 패턴으로 말하기,"11,610",해커스 어학연구소,해커스어학연구소,20210215,외국어
155,유튜브 동영상 편집 with 프리미어 프로,"17,820",하지원,한빛미디어,20181130,컴퓨터/IT
156,150년 하버드 글쓰기 비법(리커버),"13,050",송숙희,유노북스,20200728,자기계발
157,시간은 흐르지 않는다,"14,400",카를로 로벨리,쌤앤파커스,20190610,과학
158,결단,"15,300",롭 무어,다산북스,20190412,경제/경영
159,좀비고등학교 코믹스 12,"8,820",유대영,겜툰,20190425,어린이(초등)
160,왜 나는 너를 사랑하는가,"10,800",알랭 드 보통,청미래,20130115,소설
161,호모 데우스,"19,800",유발 하라리,김영사,20170519,인문
162,클루지,"12,420",개리 마커스,갤리온,20081124,인문
163,잊기 좋은 이름(리커버),"12,150",김애란,열림원,20190627,시/에세이
164,세계사를 바꾼 10가지 약,"14,400",사토 겐타로,사람과나무사이,20180510,역사/문화
165,설민석의 무도 한국사 특강,"19,800",설민석,휴먼큐브,20190129,역사/문화
166,너는 기억 못하겠지만,"16,200",후지마루,아르테(arte),20190116,소설
167,글의 품격,"13,050",이기주,황소북스,20190529,인문
168,사일런트 페이션트,"14,220",알렉스 마이클리디스,해냄출판사,20190522,소설
169,하버드 행동력 수업,"13,500",가오위안,가나출판사,20181220,자기계발
170,돈의 감각,"15,120",이명로(상승미소),비즈니스북스,20190826,경제/경영
171,마음이 살짝 기운다,"12,600",나태주,알에이치코리아,20190218,시/에세이
172,연의 편지,"14,850",조현아,손봄북스,20190603,만화
173,네모아저씨의 페이퍼 블레이드,"10,350",네모아저씨 이원표,슬로래빗,20181214,어린이(초등)
174,앞으로 3년 경제전쟁의 미래,"16,200",오건영,지식노마드,20190802,경제/경영
175,주식투자 무작정 따라하기,"14,850",윤재수,길벗,20170102,경제/경영
176,나의 영어 사춘기 100시간,"12,150",이시원,시원스쿨닷컴,20181226,외국어
177,하나님의 때,"13,500","햇살콩(김나단, 김연선)",규장,20190429,종교
178,우리가 보낸 가장 긴 밤,"12,420",이석원,달,20181112,시/에세이
179,마음의 결,"12,420",태희,피어오름,20190508,시/에세이
180,기도의 막이 내릴 때(저자 사인 인쇄본),"15,120",히가시노 게이고,재인,20190806,소설
181,채식주의자,"10,800",한강,창비,20071030,소설
182,수축사회,"16,200",홍성국,메디치미디어,20181210,경제/경영
183,참 애썼다 그것으로 되었다(10만부 판매 기념 한정판),"12,600",정영욱,부크럼,20191115,시/에세이
184,원칙,"31,500",레이 달리오,한빛비즈,20180618,경제/경영
1,"곰돌이 푸, 행복한 일은 매일 있어","13,320",곰돌이 푸 ,알에이치코리아,20221014,시/에세이
2,모든 순간이 너였다,"12,420",하태완,위즈덤하우스,20180216,시/에세이
3,무례한 사람에게 웃으며 대처하는 법,"12,420",정문정,가나출판사,20180108,시/에세이
4,82년생 김지영,"12,600",조남주,민음사,20161014,소설
5,나는 나로 살기로 했다,"12,420",김수현,마음의숲,20200316,시/에세이
6,언어의 온도(170만부 기념 에디션),"12,420",이기주,말글터,20160819,시/에세이
7,죽고 싶지만 떡볶이는 먹고 싶어,"12,420",백세희,흔,20180620,시/에세이
8,돌이킬 수 없는 약속,"13,500",야쿠마루 가쿠,북플라자,20170202,소설
9,나미야 잡화점의 기적,"13,320",히가시노 게이고,현대문학,20121219,소설
10,역사의 역사,"14,400",유시민,돌베개,20180625,역사/문화
11,신경 끄기의 기술,"13,500",마크 맨슨,갤리온,20171027,자기계발
12,말 그릇,"13,500",김윤나,카시오페아,20170922,자기계발
13,개인주의자 선언,"12,150",문유석,문학동네,20220315,인문
14,어떻게 살 것인가,"13,500",유시민,생각의길,20130313,인문
15,3층 서기실의 암호,"18,000",태영호,기파랑,20180515,정치/사회
16,열두 발자국,"15,120",정재승,어크로스,20180702,인문
17,말의 품격,"13,050",이기주,황소북스,20170529,인문
18,"곰돌이 푸, 서두르지 않아도 괜찮아(포레스트 에디션)","13,320",곰돌이 푸 ,알에이치코리아,20221004,시/에세이
19,연애의 행방,"12,420",히가시노 게이고,소미미디어,20180131,소설
20,사피엔스,"24,120",유발 하라리,김영사,20230401,인문
21,자존감 수업,"15,300",윤홍균,심플라이프,20160901,인문
22,하마터면 열심히 살 뻔했다,"13,500",하완,웅진지식하우스,20180423,시/에세이
23,앨리스 죽이기,"12,150",고바야시 야스미,검은숲,20151221,소설
24,만만하게 보이지 않는 대화법,"12,420",나이토 요시히토,홍익출판사,20180314,자기계발
25,고양이 1,"13,320",베르나르 베르베르,열린책들,20180612,소설
26,"나, 있는 그대로 참 좋다(몽글몽글 에디션)","12,420",조유미,허밍버드,20170922,시/에세이
27,가면산장 살인사건,"15,120",히가시노 게이고,재인,20140926,소설
28,어디서 살 것인가,"14,400",유현준,을유문화사,20180530,인문
29,바깥은 여름,"13,050",김애란,문학동네,20170628,소설
30,라틴어 수업,"13,500",한동일,흐름출판,20190429,인문
31,나의 영어 사춘기(리커버),"12,150",이시원,시원스쿨닷컴,20171222,외국어
32,골든아워 1,"14,220",이국종,흐름출판,20181002,시/에세이
33,설민석의 조선왕조실록,"19,800",설민석,세계사,20160720,역사/문화
34,파리의 아파트,"13,050",기욤 뮈소,밝은세상,20171205,소설
35,21세기를 위한 21가지 제언,"19,800",유발 하라리,김영사,20180903,인문
36,꽃을 보듯 너를 본다,"9,900",나태주,지혜,20201130,시/에세이
37,도시는 무엇으로 사는가,"13,500",유현준,을유문화사,20150325,인문
38,아몬드,"12,600",손원평,창비,20170331,소설
39,당신과 나 사이,"13,500",김혜남,메이븐,20180130,인문
40,보노보노처럼 살다니 다행이야,"14,400",김신회,놀,20170406,시/에세이
41,행복해지는 연습을 해요,"13,050",전승환,허밍버드,20180620,시/에세이
42,어떻게 원하는 것을 얻는가(밀리언 특별판),"14,400",스튜어트 다이아몬드,8.0(에이트 포인트),20171108,자기계발
43,주식투자 무작정 따라하기,"14,850",윤재수,길벗,20170102,경제/경영
44,운다고 달라지는 일은 아무것도 없겠지만,"12,600",박준,난다,20170701,시/에세이
45,"그해, 여름 손님","15,120",안드레 애치먼,잔,20181224,소설
46,지금 하지 않으면 언제 하겠는가,"13,500",팀 페리스,토네이도,20180423,자기계발
47,한때 소중했던 것들(빛 에디션),"12,600",이기주,달,20180709,시/에세이
48,왜 나는 너를 사랑하는가,"10,800",알랭 드 보통,청미래,20130115,소설
49,부의 추월차선,"13,500",엠제이 드마코,토트,20130820,경제/경영
50,91층 나무 집,"12,600",앤디 그리피스,시공주니어,20180301,어린이(초등)
51,랩 걸,"18,000",호프 자런,알마,20170216,과학
52,인생 우화,"14,400",류시화,연금술사,20180730,소설
53,코스모스,"17,910",칼 세이건,사이언스북스,20100120,과학
54,호모 데우스,"19,800",유발 하라리,김영사,20170519,인문
55,초격차,"16,200",권오현 외,쌤앤파커스,20180910,경제/경영
56,노르웨이의 숲,"13,500",무라카미 하루키,민음사,20170807,소설
57,단 하루도 너를 사랑하지 않은 날이 없다,"12,600",김재식,쌤앤파커스,20180302,시/에세이
58,미움받을 용기,"13,410",기시미 이치로 외,인플루엔셜,20141117,인문
59,굿 라이프,"18,000",최인철,21세기북스,20180620,자기계발
60,유튜브의 신,"12,600",대도서관,비즈니스북스,20180510,자기계발
61,책을 지키려는 고양이,"12,600",나쓰카와 소스케,아르테(arte),20180112,소설
62,검사내전,"13,500",김웅,부키,20180119,정치/사회
63,트렌드 코리아 2019,"15,300",김난도 외,미래의창,20181026,경제/경영
64,유병재 농담집 블랙코미디,"11,700",유병재,비채,20171030,시/에세이
65,일취월장,"19,800",고영성 외,로크미디어,20171207,경제/경영
66,인간 실격,"8,100",다자이 오사무,민음사,20120410,소설
67,트렌드 코리아 2018(10주년 특별판),"16,200",김난도 외,미래의창,20171030,경제/경영
68,채식주의자,"10,800",한강,창비,20071030,소설
69,추리 천재 엉덩이 탐정 6: 수상한 탐정 사무소 사건,"10,800",트롤,미래엔아이세움,20180530,어린이(초등)
70,그대 눈동자에 건배,"12,600",히가시노 게이고,현대문학,20171127,소설
71,유시민의 글쓰기 특강,"13,500",유시민,생각의길,20150410,인문
72,임신 출산 육아 대백과(2019~2020),"16,650",삼성출판사 편집부,삼성출판사,20190701,가정/육아
73,"김영철, 타일러의 진짜 미국식 영어","13,320",김영철 외,위즈덤하우스,20171208,외국어
74,7년의 밤,"13,050",정유정,은행나무,20160530,소설
75,용의자 X의 헌신,"15,120",히가시노 게이고,재인,20170830,소설
76,언스크립티드,"17,820",엠제이 드마코,토트,20180117,경제/경영
77,미중전쟁 1: 풍계리 수소폭탄,"12,420",김진명,쌤앤파커스,20171212,소설
78,착! 붙는 일본어 독학 첫걸음,"12,600",일본어 공부기술연구소,시사일본어사,20220120,외국어
79,소년이 온다,"13,500",한강,창비,20140519,소설
80,쇼코의 미소,"13,050",최은영,문학동네,20190620,소설
81,엄마의 자존감 공부,"14,400",김미경,21세기북스,20171110,자기계발
82,우리는 언젠가 만난다,"12,600",채사장,웨일북(whalebooks),20171224,인문
83,불행 피하기 기술,"14,220",롤프 도벨리,인플루엔셜,20180120,자기계발
84,좀비고등학교 코믹스 5,"8,820",배아이,겜툰,20180215,어린이(초등)
85,너의 췌장을 먹고 싶어(노블판),"12,420",스미노 요루,소미미디어,20170401,소설
86,세상에서 가장 짧은 세계사,"14,400",존 허스트,위즈덤하우스,20171107,역사/문화
87,Go Go 카카오프렌즈 2: 영국,"13,320",김미영,아울북,20180425,어린이(초등)
88,참 소중한 너라서,"13,320",김지훈,알에이치코리아,20160707,시/에세이
89,나의 한국현대사,"16,200",유시민,돌베개,20140710,역사/문화
90,해리 1,"13,050",공지영,해냄출판사,20180730,소설
91,스물아홉 생일 1년 후 죽기로 결심했다(반짝 에디션),"14,220",하야마 아마리,위즈덤하우스,20221201,시/에세이
92,총 균 쇠,"25,200",재레드 다이아몬드,문학사상,20051219,역사/문화
93,반딧불이,"10,800",무라카미 하루키,문학동네,20140828,소설
94,원칙,"31,500",레이 달리오,한빛비즈,20180618,경제/경영
95,한 권으로 정리하는 4차 산업혁명,"15,120",최진기,이지퍼블리싱,20180511,경제/경영
96,완벽한 공부법,"17,820",고영성 외,로크미디어,20170106,자기계발
97,국가란 무엇인가,"13,500",유시민,돌베개,20170123,인문
98,혼자 있고 싶은데 외로운 건 싫어,"11,700",피터 홀린스,포레스트북스,20180314,인문
99,내게 무해한 사람,"13,050",최은영,문학동네,20190620,소설
100,너라는 계절(감성 일러스트 에디션),"13,320",김지훈,니들북,20171123,시/에세이
101,뼈 있는 아무 말 대잔치,"14,220",신영준 외,로크미디어,20180913,시/에세이
102,오늘처럼 내가 싫었던 날은 없다,"16,920",글배우,21세기북스,20180907,인문
103,"앨리스, 너만의 길을 그려봐","12,420",이상한 나라의 앨리스,알에이치코리아,20180720,시/에세이
104,엄마의 말하기 연습,"13,320",박재연,한빛라이프,20180226,가정/육아
105,설민석의 한국사 대모험 6,"9,450",설민석 외,아이휴먼,20180420,어린이(초등)
106,머니(Money),"15,300",롭 무어,다산북스,20180524,경제/경영
107,나는 오늘도 경제적 자유를 꿈꾼다,"15,120",청울림(유대열),알에이치코리아,20180719,경제/경영
108,하버드 첫 강의 시간관리 수업,"13,320",쉬셴장,리드리드출판,20180403,자기계발
109,넛지 : 똑똑한 선택을 이끄는 힘,"13,950",리처드 탈러 외,리더스북,20090422,경제/경영
110,흰,"11,250",한강,문학동네,20180425,소설
111,Who? Special 손흥민,"11,520",강진희,다산어린이,20181015,어린이(초등)
112,약간의 거리를 둔다,"8,910",소노 아야코,책읽는고양이,20161020,시/에세이
113,베어타운,"14,220",프레드릭 배크만,다산책방,20180418,소설
114,우울할 땐 뇌 과학,"15,300",앨릭스 코브,심심,20180312,인문
115,완벽하지 않은 것들에 대한 사랑,"13,320",혜민,수오서재,20160203,시/에세이
116,원피스 88: 사자,"4,500",오다 에이치로,대원씨아이,20180326,만화
117,보노보노의 인생상담,"14,400",이가라시 미키오,놀,20180320,시/에세이
118,인생에서 너무 늦은 때란 없습니다,"12,420",애나 메리 로버트슨 모지스,수오서재,20171216,시/에세이
119,마법천자문 41: 내가 나아갈 길! 길 도,"8,820",김창환,아울북,20180125,어린이(초등)
120,청춘의 독서,"13,320",유시민,웅진지식하우스,20170707,인문
121,어린왕자(초판본)(1943년 오리지널 초판본 표지디자인),"8,820",생텍쥐페리,더스토리,20180910,소설
122,데미안,"7,200",헤르만 헤세,민음사,20090120,소설
123,오직 두 사람,"11,700",김영하,문학동네,20170525,소설
124,횡설수설하지 않고 정확하게 설명하는 법,"11,700",고구레 다이치,갈매나무,20170828,자기계발
125,하늘 100층짜리 집,"10,800",이와이 도시오,북뱅크,20171225,유아(0~7세)
126,살인의 문 1,"13,320",히가시노 게이고,재인,20180831,소설
127,부자 아빠 가난한 아빠 1(20주년 특별 기념판),"15,300",로버트 기요사키,민음인,20221028,경제/경영
128,아무것도 아닌 지금은 없다,"11,700",글배우,쌤앤파커스,20170801,시/에세이
129,해커스 보카(Hackers Vocabulary),"15,210",David Cho,해커스어학연구소,20211213,외국어
130,미움받을 용기(특별 합본호)(한정판),"17,820",기시미 이치로 외,인플루엔셜,20180302,인문
131,편지할게요(러브레터 에디션),"12,600",정영욱,부크럼,20191022,시/에세이
132,설민석의 무도 한국사 특강,"19,800",설민석,휴먼큐브,20190129,역사/문화
133,모두 거짓말을 한다,"16,200",세스 스티븐스 다비도위츠,더퀘스트,20180617,경제/경영
134,최강의 육아,"13,500",트레이시 커크로,앵글북스,20180607,가정/육아
135,비행운,"10,800",김애란,문학과지성사,20120719,소설
136,그 겨울의 일주일,"13,320",메이브 빈치,문학동네,20180112,소설
137,클라우스 슈밥의 제4차 산업혁명 더 넥스트(The Next),"15,300",클라우스 슈밥,메가스터디북스,20180405,경제/경영
138,27년 동안 영어 공부에 실패했던 39세 김과장은 어떻게 3개월 만에 영어 천재가 됐을까,"12,600",김영익,비즈니스북스,20180524,자기계발
139,기다리는 행복,"13,500",이해인,샘터(샘터사),20171222,시/에세이
140,"멈추면, 비로소 보이는 것들","13,320",혜민,수오서재,20170315,시/에세이
141,진작 할 걸 그랬어,"13,320",김소영,위즈덤하우스,20180430,시/에세이
142,"취향을 설계하는 곳, 츠타야","16,020",마스다 무네아키,위즈덤하우스,20171121,경제/경영
143,참을 수 없는 존재의 가벼움,"13,500",밀란 쿤데라,민음사,20180620,소설
144,해커스 OPIc 오픽 Advanced 공략,"14,310",해커스 오픽연구소,해커스,20210813,외국어
145,그래머 게이트웨이 베이직: 초보를 위한 기초 영문법 (Grammar Gateway Basic Light Version),"11,610",David Cho,해커스어학연구소,20220117,외국어
146,이기적 유전자(리커버:K),"18,000",리처드 도킨스,을유문화사,20230130,과학
147,이상한 손님,"10,800",백희나,책읽는곰,20180321,유아(0~7세)
148,부동산 상식사전,"14,850",백영록,길벗,20170228,경제/경영
149,타이탄의 도구들(블랙 에디션),"16,200",팀 페리스,토네이도,20220620,자기계발
150,마케터의 일,"12,600",장인성,북스톤,20180405,경제/경영
151,도티&잠뜰 스토리북-방탈출 대작전,"7,650",대원키즈 편집부,대원키즈,20171102,어린이(초등)
152,욱하는 성질 죽이기,"13,500",로널드 T.포터-에프론,다연,20141010,자기계발
153,앞으로 5년 미중전쟁 시나리오,"22,500",최윤식,지식노마드,20180622,경제/경영
154,어벤져스 인피니티 워 캐릭터도감,"8,550",대원키즈 편집부,대원키즈,20180420,어린이(초등)
155,나에게 고맙다,"12,420",전승환,허밍버드,20160622,시/에세이
156,수학이 필요한 순간,"14,220",김민형,인플루엔셜,20180803,과학
157,내가 소홀했던 것들,"15,120",흔글,알에이치코리아,20180117,시/에세이
158,댄 애리얼리 부의 감각,"16,200",댄 애리얼리 외,청림출판,20180725,경제/경영
159,여행영어 100일의 기적,"10,800",문성현,넥서스,20170620,외국어
160,스님의 주례사,"12,420",법륜,휴,20180420,종교
161,북유럽 신화,"13,320",닐 게이먼,나무의철학,20170626,역사/문화
162,프레임,"14,400",최인철,21세기북스,20160831,자기계발
163,데미안(초판본)(1919년 초판본 오리지널 표지 디자인),"8,820",헤르만 헤세,더스토리,20160627,소설
164,백종원이 추천하는 집밥 메뉴 55,"8,910",백종원,서울문화사,20170421,요리
165,어쩌면 내가 가장 듣고 싶었던 말,"12,600",정희재,갤리온,20170203,시/에세이
166,무엇이 되지 않더라도,"13,500",김동영,아르테(arte),20171218,시/에세이
167,플랫폼 제국의 미래,"16,200",스콧 갤러웨이,비즈니스북스,20180430,경제/경영
168,바다는 잘 있습니다,"10,800",이병률,문학과지성사,20170920,시/에세이
169,일빵빵 영어회화 1,"12,420",서장혁,토마토,20120601,외국어
170,내가 만난 1%의 사람들,"13,500",아담 J. 잭슨,씽크뱅크,20180110,자기계발
171,나의 문화유산답사기: 산사 순례,"18,000",유홍준,창비,20180830,역사/문화
172,일빵빵 기초영어: 동사 조동사 편,"12,420",서장혁,토마토,20140102,외국어
173,꿈을 꾸었다고 말했다(제42회 이상문학상 작품집 2018년),"13,320",손홍규 외,문학사상,20180112,소설
174,시를 잊은 그대에게(리커버),"13,500",정재찬,휴머니스트,20200316,시/에세이
175,11문자 살인사건,"15,120",히가시노 게이고,알에이치코리아,20180713,소설
176,하루 5분 엄마의 말습관,"13,320",임영주,위즈덤하우스,20180806,가정/육아
177,오리진 1,"11,700",댄 브라운,문학수첩,20171123,소설
178,어쩌면 별들이 너의 슬픔을 가져갈지도 몰라,"14,220",김용택,위즈덤하우스,20221101,시/에세이
179,미스 함무라비,"12,150",문유석,문학동네,20161202,소설
180,블루오션 시프트,"18,000",김위찬 외,비즈니스북스,20171230,경제/경영
1,언어의 온도(170만부 기념 에디션),"12,420",이기주,말글터,20160819,시/에세이
2,자존감 수업,"15,300",윤홍균,심플라이프,20160901,인문
3,어쩌면 별들이 너의 슬픔을 가져갈지도 몰라,"14,220",김용택,위즈덤하우스,20221101,시/에세이
4,설민석의 조선왕조실록,"19,800",설민석,세계사,20160720,역사/문화
5,국가란 무엇인가,"13,500",유시민,돌베개,20170123,인문
6,완벽한 공부법,"17,820",고영성 외,로크미디어,20170106,자기계발
7,나미야 잡화점의 기적,"13,320",히가시노 게이고,현대문학,20121219,소설
8,너의 이름은.,"11,700",신카이 마코토,대원씨아이,20170117,소설
9,제4차 산업혁명,"13,500",클라우스 슈밥,메가스터디북스,20160420,경제/경영
10,기린의 날개,"15,120",히가시노 게이고,재인,20170206,소설
11,공터에서,"14,400",김훈,해냄출판사,20170203,소설
12,하늘과 바람과 별과 시(미니북)(초판본)(1955년 정음사 오리지널 표지디자인),"4,950",윤동주,더스토리,20170317,시/에세이
13,영어책 한 권 외워봤니?,"12,600",김민식,위즈덤하우스,20170111,자기계발
14,82년생 김지영,"12,600",조남주,민음사,20161014,소설
15,미움받을 용기,"13,410",기시미 이치로 외,인플루엔셜,20141117,인문
16,나는 나로 살기로 했다,"12,420",김수현,마음의숲,20200316,시/에세이
17,보노보노처럼 살다니 다행이야,"14,400",김신회,놀,20170406,시/에세이
18,어떻게 살 것인가,"13,500",유시민,생각의길,20130313,인문
19,채식주의자,"10,800",한강,창비,20071030,소설
20,숨결이 바람 될 때,"12,600",폴 칼라니티,흐름출판,20160822,시/에세이
21,문재인의 운명(특별판),"13,500",문재인,북팔,20170509,정치/사회
22,너의 이름은 Another Side: Earthbound,"6,300",신카이 마코토 ,대원씨아이,20170115,소설
23,브루클린의 소녀,"13,050",기욤 뮈소,밝은세상,20161206,소설
24,사피엔스,"24,120",유발 하라리,김영사,20230401,인문
25,새는 날아가면서 뒤돌아보지 않는다,"12,600",류시화,더숲,20170225,시/에세이
26,트렌드 코리아 2017,"14,400",김난도 외,미래의창,20161031,경제/경영
27,설민석의 한국사 대모험 1,"8,820",설민석 외,아이휴먼,20170123,어린이(초등)
28,센서티브,"12,600",일자 샌드,다산지식하우스,20170209,인문
29,나에게 고맙다,"12,420",전승환,허밍버드,20160622,시/에세이
30,그럴 때 있으시죠?,"14,220",김제동,나무의마음,20161025,시/에세이
31,대한민국이 묻는다,"15,300",문재인,21세기북스,20170120,정치/사회
32,너의 안부를 묻는 밤,"11,700",지민석 외,시드앤피드,20170124,시/에세이
33,약간의 거리를 둔다,"8,910",소노 아야코,책읽는고양이,20161020,시/에세이
34,너의 이름은 1,"4,950",Makoto Shinkai ,대원씨아이,20161231,만화
35,가면산장 살인사건,"15,120",히가시노 게이고,재인,20140926,소설
36,어쩌면 내가 가장 듣고 싶었던 말,"12,600",정희재,갤리온,20170203,시/에세이
37,완벽하지 않은 것들에 대한 사랑,"13,320",혜민,수오서재,20160203,시/에세이
38,참 소중한 너라서,"13,320",김지훈,알에이치코리아,20160707,시/에세이
39,타이탄의 도구들(블랙 에디션),"16,200",팀 페리스,토네이도,20220620,자기계발
40,78층 나무 집,"12,600",앤디 그리피스,시공주니어,20181105,어린이(초등)
41,스물아홉 생일 1년 후 죽기로 결심했다(반짝 에디션),"14,220",하야마 아마리,위즈덤하우스,20221201,시/에세이
42,낭만적 연애와 그 후의 일상,"12,150",알랭 드 보통,은행나무,20160825,소설
43,고슴도치의 소원,"15,300",톤 텔레헨,아르테(arte),20170210,소설
44,유시민의 글쓰기 특강,"13,500",유시민,생각의길,20150410,인문
45,도깨비 1,"12,420",김은숙,알에이치코리아,20170131,소설
46,너에게 하고 싶은 말,"11,700",김수민,쌤앤파커스,20151211,시/에세이
47,호모 데우스,"19,800",유발 하라리,김영사,20170519,인문
48,세계미래보고서 2055,"14,400",박영숙 외,비즈니스북스,20170120,경제/경영
49,인생의 발견,"15,120",시어도어 젤딘,어크로스,20161215,인문
50,"9등급 꼴찌, 1년 만에 통역사 된 비법","12,600",장동완,리더스북,20170410,자기계발
51,대통령의 글쓰기,"14,400",강원국,메디치미디어,20170525,인문
52,해리 포터와 저주받은 아이 1부(스페셜 리허설 에디션 대본),"10,800",존 티퍼니 외,문학수첩,20161117,소설
53,꽃을 보듯 너를 본다,"9,900",나태주,지혜,20201130,시/에세이
54,당신은 아무 일 없던 사람보다 강합니다,"13,320",김창옥,수오서재,20161008,자기계발
55,원피스 84: 루피 VS. 상디,"4,500",오다 에이치로,대원씨아이,20170331,만화
56,너무 시끄러운 고독,"10,800",보후밀 흐라발,문학동네,20160708,소설
57,도깨비 포토에세이,"25,200",화앤담픽쳐스 외,알에이치코리아,20170210,시/에세이
58,아침 5시의 기적,"11,700",제프 샌더스,비즈니스북스,20170210,자기계발
59,못 참는 아이 욱하는 부모(50만 부 발매 기념 리커버 에디션),"15,120",오은영,코리아닷컴,20160515,가정/육아
60,탁월한 사유의 시선,"15,300",최진석,21세기북스,20170120,인문
61,마켓 4.0,"14,400",필립 코틀러 외,더퀘스트,20170217,경제/경영
62,할머니는 죽지 않는다,"14,220",공지영,해냄출판사,20170403,소설
63,쇼코의 미소,"13,050",최은영,문학동네,20190620,소설
64,어쩌면 별들이 너의 슬픔을 가져갈지도 몰라+플러스,"11,520",김용택,위즈덤하우스,20161215,시/에세이
65,열한 계단(리커버 특별판),"15,300",채사장,웨일북(whalebooks),20161210,인문
66,임신 출산 육아 대백과(2019~2020),"16,650",삼성출판사 편집부,삼성출판사,20190701,가정/육아
67,노르웨이의 숲,"12,600",무라카미 하루키,민음사,20130902,소설
68,삶의 정도,"12,600",윤석철,위즈덤하우스,20110110,자기계발
69,소년이 온다,"13,500",한강,창비,20140519,소설
70,당신 거기 있어줄래요,"8,820",기욤 뮈소,밝은세상,20070420,소설
71,말투 하나 바꿨을 뿐인데(20만 부 기념 리커버 스페셜 에디션),"11,700",나이토 요시히토,유노북스,20170317,자기계발
72,프레임,"14,400",최인철,21세기북스,20160831,자기계발
73,당신 인생의 이야기,"13,050",테드 창,엘리,20161019,소설
74,백년을 살아보니,"13,500",김형석,덴스토리(Denstory),20160801,인문
75,에고라는 적,"16,200",라이언 홀리데이,흐름출판,20170403,자기계발
76,편의점 인간,"12,600",무라타 사야카,살림,20161101,소설
77,"일의 미래, 무엇이 바뀌고 무엇이 오는가","14,220",선대인,인플루엔셜,20170313,경제/경영
78,자유로울 것,"11,700",임경선,위즈덤하우스,20170220,시/에세이
79,미움받을 용기 2,"13,410",기시미 이치로 외,인플루엔셜,20160502,인문
80,데미안(초판본)(1919년 초판본 오리지널 표지 디자인),"8,820",헤르만 헤세,더스토리,20160627,소설
81,부동산 투자의 정석,"14,400",김원철,알키,20161215,경제/경영
82,나는 왜 너를 사랑하는가,"12,600",수전 젠켈,심야책방,20160901,시/에세이
83,당신의 마음을 안아줄게요,"13,320",김지훈,알에이치코리아,20170125,시/에세이
84,도티&잠뜰: 브리티니 왕국의 비밀,"8,550",김현수,대원키즈,20161223,어린이(초등)
85,오직 두 사람,"11,700",김영하,문학동네,20170525,소설
86,나의 친애하는 적,"14,850",허지웅,문학동네,20161130,시/에세이
87,너의 이름은 공식 비주얼 가이드,"15,300",안혜은,대원씨아이,20170127,만화
88,운명과 분노,"14,850",로런 그로프,문학동네,20170405,소설
89,마법천자문 38: 지탱해라! 지탱할 지,"8,820",홍거북,아울북,20170202,어린이(초등)
90,나의 한국현대사,"16,200",유시민,돌베개,20140710,역사/문화
91,잠 1,"14,220",베르나르 베르베르,열린책들,20220520,소설
92,어쩌다 한국인,"14,400",허태균,중앙북스,20151207,인문
93,말주변이 없어도 대화 잘하는 법,"11,700",김영돈,다연,20161010,자기계발
94,일빵빵 영어회화 1,"12,420",서장혁,토마토,20120601,외국어
95,나는 뻔뻔하게 살기로 했다,"12,420",데이비드 시버리,홍익출판사,20170405,인문
96,풍경소리(제41회 이상문학상 작품집 2017년),"13,320",구효서 외,문학사상,20170126,소설
97,말의 품격,"13,050",이기주,황소북스,20170529,인문
98,제8회 젊은작가상 수상작품집(2017),"10,800",임현 외,문학동네,20170407,소설
99,"헬로, 카카오프렌즈","10,800",미호 편집부,미호,20160831,예술/대중문화
100,나는 마트 대신 부동산에 간다,"13,500",김유라,한국경제신문사,20161025,경제/경영
101,무코다 이발소,"13,320",오쿠다 히데오,북로드,20170101,소설
102,제4의 물결이 온다,"25,200",최윤식 외,지식노마드,20170206,경제/경영
103,스페셜솔져 코믹스 1,"8,820",유대영,겜툰,20170125,어린이(초등)
104,여덟 단어,"13,500",박웅현,북하우스,20130520,인문
105,총 균 쇠,"25,200",재레드 다이아몬드,문학사상,20051219,역사/문화
106,코스모스,"17,910",칼 세이건,사이언스북스,20100120,과학
107,알사탕,"10,800",백희나,책읽는곰,20170325,유아(0~7세)
108,어린왕자(초판본),"8,820",앙투안 드 생텍쥐페리,더스토리,20160830,소설
109,"경제, 알아야 바꾼다","13,500",주진형,메디치미디어,20170405,경제/경영
110,보통의 존재,"11,700",이석원,달,20091104,시/에세이
111,백종원이 추천하는 집밥 메뉴 54,"8,910",백종원,서울문화사,20160120,요리
112,7년의 밤,"13,050",정유정,은행나무,20160530,소설
113,절대고독,"13,050",고도원,꿈꾸는책방(꿈책),20170110,시/에세이
114,종의 기원,"11,700",정유정,은행나무,20160516,소설
115,1만권 독서법,"10,800",인나미 아쓰시,위즈덤하우스,20170119,자기계발
116,저스트고 오사카: 교토 고베 나라(2017-2018),"16,650",원경혜 외,시공사,20170330,여행
117,왕초보 영어회화 100일의 기적,"10,800",문성현,넥서스,20160501,외국어
118,영업은 배반하지 않는다,"16,200",임진환,쌤앤파커스,20161125,경제/경영
119,당신은 겉보기에 노력하고 있을 뿐,"13,950",리샹룽,북플라자,20161020,자기계발
120,고구려 6: 구부의 꿈(소수림왕),"12,420",김진명,새움,20161028,소설
121,모아나,"8,550",월트디즈니,Oh!북스,20161230,유아(0~7세)
122,시원스쿨 기초 영어법,"13,500",이시원,시원스쿨닷컴,20201016,외국어
123,나쁜 습관 정리법,"12,600",고도 도키오,지식너머,20170120,자기계발
124,90일 완성 돈 버는 평생 습관,"10,800",요코야마 미츠아키,걷는나무,20170303,경제/경영
125,BIGVOCA core(빅보카 코어),"10,800",신영준,로크미디어,20160722,외국어
126,태도에 관하여,"10,800",임경선,한겨레출판사,20150330,시/에세이
127,해커스 보카(Hackers Vocabulary),"15,210",David Cho,해커스어학연구소,20211213,외국어
128,왜 나는 너를 사랑하는가,"10,800",알랭 드 보통,청미래,20130115,소설
129,블록체인 혁명,"22,500",돈 탭스콧 외,을유문화사,20170120,경제/경영
130,"명견만리: 윤리, 기술, 중국, 교육 편","14,220",KBS <명견만리> 제작팀,인플루엔셜,20160921,경제/경영
131,데미안,"7,200",헤르만 헤세,민음사,20090120,소설
132,너라는 위로,"11,700",김수민,쌤앤파커스,20170421,시/에세이
133,"지금 다시, 헌법","16,200",차병직 외,로고폴리스,20161118,정치/사회
134,정의란 무엇인가,"13,500",마이클 샌델,와이즈베리,20141120,인문
135,너무 재밌어서 잠 못 드는 세계사,"13,500",우야마 다쿠에이,생각의길,20161010,역사/문화
136,개인주의자 선언,"12,150",문유석,문학동네,20220315,인문
137,도티&잠뜰 TV 외계인 학교 1,"7,650",샌드박스 네트워크 ,대원키즈,20161025,어린이(초등)
138,아홉 살 마음 사전,"11,700",박성우,창비,20230209,어린이(초등)
139,대논쟁! 철학 배틀,"12,600",하타케야마 소,다산초당,20170201,청소년
140,나혼자 끝내는 독학 일본어 첫걸음,"11,700",넥서스콘텐츠개발팀,넥서스JAPANESE,20160627,외국어
141,설민석의 첫출발 한국사 연표,"5,400",설민석,휴먼큐브,20160214,역사/문화
142,알면서도 알지 못하는 것들(리커버 에디션),"14,220",김승호,스노우폭스북스,20170110,자기계발
143,100: 나에게 건네는 말,"14,400",전승환,허밍버드,20170327,시/에세이
144,당신의 완벽한 1년,"13,320",샤를로테 루카스,북펌,20170109,소설
145,클로즈업 오사카(2017),"16,200",유재우 외,에디터,20161209,여행
146,게으름도 습관이다,"12,600",최명기,알키,20170105,자기계발
147,초속 5센티미터,"10,800",신카이 마코토,대원씨아이,20170117,소설
148,새벽 세시 + 무너지지만 말아 + 새삼스러운 세상 한정판 스페셜 에디션 세트,"14,850",흔글 외,경향BP,20170424,시/에세이
149,이기는 대화,"11,700",이서정,머니플러스,20130718,자기계발
150,착! 붙는 일본어 독학 첫걸음,"12,600",일본어 공부기술연구소,시사일본어사,20220120,외국어
151,한국의 젊은 부자들,"13,500",이신영,메이븐,20170508,경제/경영
152,언어의 정원,"11,700",신카이 마코토,대원씨아이,20170117,소설
153,일빵빵 기초영어: 동사 조동사 편,"12,420",서장혁,토마토,20140102,외국어
154,13층 나무 집,"12,600",앤디 그리피스,시공주니어,20181105,어린이(초등)
155,유아 식판식,"11,700",김주연,지식너머,20150325,요리
156,도티&잠뜰: 게임의 시작,"8,550",대원키즈 편집부 외,대원키즈,20160923,어린이(초등)
157,#너에게,"11,520",하태완,넥서스BOOKS,20170205,시/에세이
158,우리에겐 언어가 필요하다,"10,800",이민경,봄알람,20160822,정치/사회
159,미스터 하이든,"11,700",사샤 아랑고,북폴리오,20160629,소설
160,"한국경제, 돈의 배반이 시작된다","13,500",타마키 타다시,스몰빅인사이트,20161212,경제/경영
161,"엄마, 오늘도 사랑해","11,700",구작가,위즈덤하우스,20170405,시/에세이
162,하이큐!! 23,"4,050",Haruichi Furudate,대원씨아이,20170228,만화
163,달의 조각,"12,420",하현,빌리버튼,20170125,시/에세이
164,최강 동물왕: 멸종동물 편,"10,800",학연 컨텐츠 개발팀,다락원,20161220,어린이(초등)
165,너는 나에게 상처를 줄 수 없다,"12,600",배르벨 바르데츠키,걷는나무,20131120,인문
166,미래의 속도,"14,400",리처드 돕스 외,청림출판,20161109,경제/경영
167,돌이킬 수 없는 약속,"13,500",야쿠마루 가쿠,북플라자,20170202,소설
168,백종원이 추천하는 집밥 메뉴 52,"8,910",백종원,서울문화사,20140828,요리
169,한국의 1000원짜리 땅 부자들,"14,400",김장섭 외,트러스트북스,20170410,경제/경영
170,김진명의 한국사 X파일,"10,080",김진명,새움,20170117,역사/문화
171,선대인의 대한민국 경제학,"16,200",선대인,다산북스,20170110,경제/경영
172,냉정한 이타주의자,"14,400",윌리엄 맥어스킬,부키,20170228,인문
173,재무제표 모르면 주식투자 절대로 하지마라,"17,820",사경인,베가북스,20161221,경제/경영
174,오두막(100쇄 특별판),"12,420",윌리엄 폴 영,세계사,20170508,소설
175,부자를 만드는 부부의 법칙,"13,500",슈퍼짠 부부 8쌍,길벗,20170206,경제/경영
176,명탐정 코난 91,"4,050",Aoyama Gosho,서울미디어코믹스(서울문화사),20170225,만화
177,밑바닥부터 시작하는 딥러닝,"21,600",사이토 고키,한빛미디어,20170103,컴퓨터/IT
178,프렌즈 스페인 포르투갈('17~'18),"14,400",박현숙,중앙북스,20170415,여행
1,채식주의자,"10,800",한강,창비,20071030,소설
2,완벽하지 않은 것들에 대한 사랑,"13,320",혜민,수오서재,20160203,시/에세이
3,미움받을 용기,"13,410",기시미 이치로 외,인플루엔셜,20141117,인문
4,설민석의 조선왕조실록,"19,800",설민석,세계사,20160720,역사/문화
5,나미야 잡화점의 기적,"13,320",히가시노 게이고,현대문학,20121219,소설
6,사피엔스,"24,120",유발 하라리,김영사,20230401,인문
7,나에게 고맙다,"12,420",전승환,허밍버드,20160622,시/에세이
8,미움받을 용기 2,"13,410",기시미 이치로 외,인플루엔셜,20160502,인문
9,자존감 수업,"15,300",윤홍균,심플라이프,20160901,인문
10,종의 기원,"11,700",정유정,은행나무,20160516,소설
11,낭만적 연애와 그 후의 일상,"12,150",알랭 드 보통,은행나무,20160825,소설
12,라플라스의 마녀,"15,120",히가시노 게이고,현대문학,20160111,소설
13,풀꽃도 꽃이다 1,"14,850",조정래,해냄출판사,20160712,소설
14,너에게 하고 싶은 말,"11,700",김수민,쌤앤파커스,20151211,시/에세이
15,못 참는 아이 욱하는 부모(50만 부 발매 기념 리커버 에디션),"15,120",오은영,코리아닷컴,20160515,가정/육아
16,오베라는 남자,"15,120",프레드릭 배크만,다산책방,20230309,소설
17,하늘과 바람과 별과 시,"8,820",윤동주,소와다리,20160209,시/에세이
18,미 비포 유(Me Before You),"13,500",조조 모예스,살림,20140101,소설
19,보통의 존재,"11,700",이석원,달,20091104,시/에세이
20,스물아홉 생일 1년 후 죽기로 결심했다(반짝 에디션),"14,220",하야마 아마리,위즈덤하우스,20221201,시/에세이
21,오리지널스,"14,400",애덤 그랜트,한국경제신문사,20160202,경제/경영
22,소년이 온다,"13,500",한강,창비,20140519,소설
23,미라클모닝,"13,320",할 엘로드,한빛비즈,20220805,자기계발
24,법륜 스님의 행복,"13,500",법륜,나무의마음,20160817,종교
25,김미경의 인생미답,"13,500",김미경,한국경제신문사,20160510,자기계발
26,숨결이 바람 될 때,"12,600",폴 칼라니티,흐름출판,20160822,시/에세이
27,해리 포터와 저주받은 아이 1부(스페셜 리허설 에디션 대본),"10,800",존 티퍼니 외,문학수첩,20161117,소설
28,가면산장 살인사건,"15,120",히가시노 게이고,재인,20140926,소설
29,지금 이 순간,"12,420",기욤 뮈소,밝은세상,20151202,소설
30,BIGVOCA core(빅보카 코어),"10,800",신영준,로크미디어,20160722,외국어
31,편안하고 사랑스럽고 그래,"12,420",퍼엉,위즈덤하우스(예담),20160314,시/에세이
32,언제 들어도 좋은 말,"11,700",이석원,그책,20170917,시/에세이
33,트렌드 코리아 2016,"14,400",김난도 외,미래의창,20151110,경제/경영
34,제4차 산업혁명,"13,500",클라우스 슈밥,메가스터디북스,20160420,경제/경영
35,가끔은 격하게 외로워야 한다,"17,820",김정운,21세기북스,20160104,자기계발
36,7년의 밤,"13,050",정유정,은행나무,20160530,소설
37,너는 나에게 상처를 줄 수 없다,"12,600",배르벨 바르데츠키,걷는나무,20131120,인문
38,"다시, 책은 도끼다","14,400",박웅현,북하우스,20160609,인문
39,임신 출산 육아 대백과(2019~2020),"16,650",삼성출판사 편집부,삼성출판사,20190701,가정/육아
40,내 안에서 나를 만드는 것들,"13,500",이현주,세계사,20151027,인문
41,애프터 유(After You),"14,400",조조 모예스,아르테(arte),20160523,소설
42,"명견만리: 인구, 경제, 북한, 의료 편","14,220",KBS <명견만리> 제작팀,인플루엔셜,20160607,경제/경영
43,그럴 때 있으시죠?,"14,220",김제동,나무의마음,20161025,시/에세이
44,세계미래보고서 2050,"13,500",박영숙 외,교보문고,20160128,경제/경영
45,시민의 교양,"13,500",채사장,웨일북(whalebooks),20151227,인문
46,담론,"16,200",신영복,돌베개,20150420,인문
47,백종원이 추천하는 집밥 메뉴 54,"8,910",백종원,서울문화사,20160120,요리
48,언틸유아마인(Until you're mine),"13,500",사만다 헤이즈,북플라자,20160131,소설
49,유시민의 글쓰기 특강,"13,500",유시민,생각의길,20150410,인문
50,할머니가 미안하다고 전해달랬어요,"13,320",프레드릭 배크만,다산책방,20160404,소설
51,표현의 기술,"14,400",정훈이,생각의길,20160608,인문
52,감옥으로부터의 사색,"11,700",신영복,돌베개,20100901,시/에세이
53,직업으로서의 소설가,"12,600",무라카미 하루키,현대문학,20160425,시/에세이
54,나는 생각이 너무 많아,"13,320",크리스텔 프티콜랭,부키,20140520,인문
55,"헬로, 카카오프렌즈","10,800",미호 편집부,미호,20160831,예술/대중문화
56,여덟 단어,"13,500",박웅현,북하우스,20130520,인문
57,대통령의 글쓰기,"14,400",강원국,메디치미디어,20170525,인문
58,대한민국 부동산의 미래,"14,400",김장섭,트러스트북스,20160620,경제/경영
59,트렌드 코리아 2017,"14,400",김난도 외,미래의창,20161031,경제/경영
60,데미안,"7,200",헤르만 헤세,민음사,20090120,소설
61,글자전쟁,"12,780",김진명,새움,20150801,소설
62,반응하지 않는 연습,"11,520",구사나기 류순,위즈덤하우스,20160512,자기계발
63,클로즈업 오사카(2017),"16,200",유재우 외,에디터,20161209,여행
64,백종원이 추천하는 집밥 메뉴 52,"8,910",백종원,서울문화사,20140828,요리
65,덕혜옹주,"12,420",권비영,다산책방,20151020,소설
66,어떻게 살 것인가,"13,500",유시민,생각의길,20130313,인문
67,시원스쿨 기초 영어법,"13,500",이시원,시원스쿨닷컴,20201016,외국어
68,어떻게 인생을 살 것인가,"13,500",쑤린,다연,20150608,자기계발
69,해커스 보카(Hackers Vocabulary),"15,210",David Cho,해커스어학연구소,20211213,외국어
70,블로노트(Blonote),"11,700",타블로,달,20160928,시/에세이
71,1년 만에 기억력 천재가 된 남자,"13,500",조슈아 포어,갤리온,20160421,인문
72,혼자 있는 시간의 힘,"13,500",사이토 다카시,위즈덤하우스,20230101,자기계발
73,"즐겁게 살자, 고민하지 말고","12,420",에쿠니 가오리,소담,20160620,소설
74,아주 작은 반복의 힘,"11,700",로버트 마우어,스몰빅라이프,20160302,자기계발
75,죽여 마땅한 사람들,"13,320",피터 스완슨,푸른숲,20160722,소설
76,주식투자 무작정 따라하기,"14,400",윤재수,길벗,20131210,경제/경영
77,13층 나무 집,"12,600",앤디 그리피스,시공주니어,20181105,어린이(초등)
78,태도에 관하여,"10,800",임경선,한겨레출판사,20150330,시/에세이
79,원피스 80: 개막 선언,"4,500",오다 에이치로,대원씨아이,20160229,만화
80,이기는 대화,"11,700",이서정,머니플러스,20130718,자기계발
81,창문 넘어 도망친 100세 노인,"15,120",요나스 요나손,열린책들,20130725,소설
82,꽃을 보듯 너를 본다,"9,900",나태주,지혜,20201130,시/에세이
83,BIGVOCA advanced(빅보카 어드밴스드),"10,800",신영준,로크미디어,20160722,외국어
84,책은 도끼다,"14,400",박웅현,북하우스,20111010,인문
85,흰,"10,350",한강,난다,20160601,소설
86,비밀의 정원,"13,500",조해너 배스포드,클,20140820,예술/대중문화
87,1등의 습관,"15,120",찰스 두히그,알프레드,20160509,자기계발
88,하늘과 바람과 별과 시(현대어판),"4,950",윤동주,더스토리,20160314,시/에세이
89,여자가 절대 포기하지 말아야 할 것들,"12,600",박금선,갤리온,20160104,시/에세이
90,총 균 쇠,"25,200",재레드 다이아몬드,문학사상,20051219,역사/문화
91,65층 나무 집,"12,600",앤디 그리피스,시공주니어,20230205,어린이(초등)
92,"명견만리: 윤리, 기술, 중국, 교육 편","14,220",KBS <명견만리> 제작팀,인플루엔셜,20160921,경제/경영
93,신경 쓰지 않는 연습,"13,500",나토리 호겐,세종서적,20151222,자기계발
94,좋아 보이는 것들의 비밀,"13,500",이랑주,인플루엔셜,20160418,경제/경영
95,라오스에 대체 뭐가 있는데요?,"12,600",무라카미 하루키,문학동네,20160601,시/에세이
96,52층 나무 집,"12,600",앤디 그리피스,시공주니어,20181105,어린이(초등)
97,너를 놓아줄게,"13,320",클레어 맥킨토시,나무의철학,20160315,소설
98,2030 대담한 도전,"25,200",최윤식,지식노마드,20160125,경제/경영
99,코스모스,"17,910",칼 세이건,사이언스북스,20100120,과학
100,백년을 살아보니,"13,500",김형석,덴스토리(Denstory),20160801,인문
101,명리: 운명을 읽다,"14,400",강헌,돌베개,20151214,인문
102,천년의 내공,"14,220",조윤제,청림출판,20160819,자기계발
103,왜 나는 너를 사랑하는가,"10,800",알랭 드 보통,청미래,20130115,소설
104,내가 혼자 여행하는 이유,"11,700",카트린 지타,걷는나무,20150730,시/에세이
105,당신 거기 있어줄래요,"8,820",기욤 뮈소,밝은세상,20070420,소설
106,정의란 무엇인가,"13,500",마이클 샌델,와이즈베리,20141120,인문
107,참 소중한 너라서,"13,320",김지훈,알에이치코리아,20160707,시/에세이
108,언어의 온도(170만부 기념 에디션),"12,420",이기주,말글터,20160819,시/에세이
109,웬만해선 아무렇지 않다,"11,250",이기호,마음산책,20160225,소설
110,착! 붙는 일본어 독학 첫걸음,"12,600",일본어 공부기술연구소,시사일본어사,20220120,외국어
111,처음처럼,"12,600",신영복,돌베개,20160222,시/에세이
112,마법천자문 34: 다르고 뛰어나다! 특별할 특,"8,820",올댓스토리,아울북,20151230,어린이(초등)
113,일빵빵 영어회화 1,"12,420",서장혁,토마토,20120601,외국어
114,편안하고 사랑스럽고 그래 2,"12,420",퍼엉,위즈덤하우스(예담),20160822,시/에세이
115,어떤 하루,"12,420",신준모,프롬북스,20140310,시/에세이
116,싸드(THAAD),"12,780",김진명,새움,20140815,소설
117,어른인척,"15,300",이진이,위즈덤하우스,20151025,시/에세이
118,환율의 미래,"13,500",홍춘욱,에이지21,20160205,경제/경영
119,그래머 게이트웨이 베이직: 초보를 위한 기초 영문법 (Grammar Gateway Basic Light Version),"11,610",David Cho,해커스어학연구소,20220117,외국어
120,26층 나무 집,"12,600",앤디 그리피스,시공주니어,20181105,어린이(초등)
121,나는 왜 너를 사랑하는가,"12,600",수전 젠켈,심야책방,20160901,시/에세이
122,시 읽는 밤: 시 밤(니 생각 에디션),"10,080",하상욱,위즈덤하우스,20150918,시/에세이
123,제3인류 5,"12,420",베르나르 베르베르,열린책들,20160501,소설
124,최진기의 교실밖 인문학,"13,500",최진기 외,스마트북스,20160229,청소년
125,딸에게 주는 레시피,"12,150",공지영,한겨레출판사,20150609,시/에세이
126,똑게육아,"16,020",로리(김준희),아우름,20151221,가정/육아
127,1만 시간의 재발견,"14,400",안데르스 에릭슨 외,비즈니스북스,20160630,자기계발
128,대통령의 말하기,"13,500",윤태영,위즈덤하우스,20160824,자기계발
129,39층 나무 집,"12,600",앤디 그리피스,시공주니어,20181105,어린이(초등)
130,라면을 끓이며,"13,500",김훈,문학동네,20150930,시/에세이
131,당신은 아무 일 없던 사람보다 강합니다,"13,320",김창옥,수오서재,20161008,자기계발
132,나의 한국현대사,"16,200",유시민,돌베개,20140710,역사/문화
133,집 없어도 땅은 사라,"16,200",전은규,국일증권경제연구소,20160316,경제/경영
134,42가지 마음의 색깔,"14,400",크리스티나 누녜스 페레이라 외,레드스톤,20220215,유아(0~7세)
135,인간의 품격,"14,850",데이비드 브룩스,부키,20151120,인문
136,삐뽀삐뽀 119 소아과,"26,820",하정훈,유니책방,20160715,가정/육아
137,당신은 겉보기에 노력하고 있을 뿐,"13,950",리샹룽,북플라자,20161020,자기계발
138,나는 단호해지기로 결심했다,"12,600",롤프 젤린,걷는나무,20160411,인문
139,천국의 문(제40회 이상문학상 작품집 2016년),"12,420",김경욱 외,문학사상,20160123,소설
140,유아 식판식,"11,700",김주연,지식너머,20150325,요리
141,삶에 지친 나에게 내가 해주고 싶은 말,"13,500",서동식,함께북스,20160229,시/에세이
142,심플하게 산다,"10,800",도미니크 로로,바다출판사,20120903,자기계발
143,이시원의 왕초보 여행영어,"8,820",이시원 외,시원스쿨닷컴,20140328,외국어
144,일빵빵 기초영어: 동사 조동사 편,"12,420",서장혁,토마토,20140102,외국어
145,나의 라임 오렌지나무,"11,700",J. M. 바스콘셀로스,동녘,20100415,소설
146,카피책,"13,500",정철,허밍버드,20160125,자기계발
147,참을 수 없는 존재의 가벼움,"11,700",밀란 쿤데라,민음사,20091224,소설
148,부동산 투자 100문 100답,"13,500",박정수,평단,20160422,경제/경영
149,맘마미아 월급재테크 실천법,"16,200",맘마미아,진서원,20151015,경제/경영
150,감옥에 가기로 한 메르타 할머니,"13,320",카타리나 잉엘만순드베리,열린책들,20160130,소설
151,천공의 벌,"16,920",히가시노 게이고,재인,20160912,소설
152,고구려 6: 구부의 꿈(소수림왕),"12,420",김진명,새움,20161028,소설
153,하루 5분 아빠 목소리,"14,400",정홍,위즈덤하우스,20141120,가정/육아
154,장사는 전략이다,"14,400",김유진,쌤앤파커스,20160704,경제/경영
155,위험한 과학책,"19,800",랜들 먼로,시공사,20150424,과학
156,백년 허리,"15,750",정선근,사이언스북스,20151231,건강
157,The Art of Seven Knights(세븐나이츠 아트북),"22,500",넷마블넥서스 주식회사,넷마블,20151231,예술/대중문화
158,해커스 OPIc 오픽 Advanced 공략,"14,310",해커스 오픽연구소,해커스,20210813,외국어
159,감정수업,"17,550",강신주,민음사,20131120,인문
160,진짜 기본 요리책,"14,220",월간 수퍼레시피,레시피팩토리,20130118,요리
161,심연,"15,300",배철현,21세기북스,20160720,인문
162,핑거스미스(Fingersmith),"16,920",세라 워터스,열린책들,20160315,소설
163,부자가 되는 정리의 힘,"12,420",윤선현,위즈덤하우스,20151215,자기계발
164,앵무새 죽이기,"14,220",하퍼 리,열린책들,20150630,소설
165,기획의 정석 실전편: 제안서 PPT편,"17,820",박신영 외,세종서적,20160225,자기계발
166,트리거(Triggers),"14,400",마셜 골드스미스 외,다산북스,20160819,경제/경영
167,스파이,"11,250",파울로 코엘료,문학동네,20160923,소설
168,죽음의 수용소에서,"11,700",빅터 프랭클,청아출판사,20120115,시/에세이
169,1등의 통찰,"13,500",히라이 다카시,다산 3.0,20160628,경제/경영
170,프렌즈 스페인 포르투갈('16~'17)(season 4),"14,400",박현숙,중앙북스,20160321,여행
171,강의,"16,200",신영복,돌베개,20041211,인문
172,페러그린과 이상한 아이들의 집,"12,600",랜섬 릭스,폴라북스,20111130,소설
173,하버드 새벽 4시 반(7주년 리부트 에디션),"12,600",웨이슈잉,라이스메이커,20191108,자기계발
1,미움받을 용기,"13,410",기시미 이치로 외,인플루엔셜,20141117,인문
2,비밀의 정원,"13,500",조해너 배스포드,클,20140820,예술/대중문화
3,나미야 잡화점의 기적,"13,320",히가시노 게이고,현대문학,20121219,소설
4,하버드 새벽 4시 반(7주년 리부트 에디션),"12,600",웨이슈잉,라이스메이커,20191108,자기계발
5,오베라는 남자,"15,120",프레드릭 배크만,다산책방,20230309,소설
6,창문 넘어 도망친 100세 노인,"15,120",요나스 요나손,열린책들,20130725,소설
7,백종원이 추천하는 집밥 메뉴 52,"8,910",백종원,서울문화사,20140828,요리
8,대화의 신,"15,120",래리 킹,위즈덤하우스,20181211,자기계발
9,허즈번드 시크릿,"13,320",리안 모리아티,마시멜로,20150320,소설
10,7번 읽기 공부법,"10,620",야마구치 마유,위즈덤하우스,20150326,자기계발
11,혼자 있는 시간의 힘,"13,500",사이토 다카시,위즈덤하우스,20230101,자기계발
12,가면산장 살인사건,"15,120",히가시노 게이고,재인,20140926,소설
13,그림의 힘,"16,920",김선현,8.0(에이트 포인트),20150302,자기계발
14,유시민의 글쓰기 특강,"13,500",유시민,생각의길,20150410,인문
15,센트럴 파크,"12,420",기욤 뮈소,밝은세상,20150316,소설
16,담론,"16,200",신영복,돌베개,20150420,인문
17,스물아홉 생일 1년 후 죽기로 결심했다(반짝 에디션),"14,220",하야마 아마리,위즈덤하우스,20221201,시/에세이
18,내 옆에 있는 사람,"13,050",이병률,달,20150701,시/에세이
19,글자전쟁,"12,780",김진명,새움,20150801,소설
20,딸에게 주는 레시피,"12,150",공지영,한겨레출판사,20150609,시/에세이
21,마션,"13,500",앤디 위어,알에이치코리아,20150731,소설
22,어떤 하루,"12,420",신준모,프롬북스,20140310,시/에세이
23,세계미래보고서 2045,"13,500",박영숙 외,교보문고,20150105,경제/경영
24,에디톨로지,"16,200",김정운,21세기북스,20141024,인문
25,언제 들어도 좋은 말,"11,700",이석원,그책,20170917,시/에세이
26,1그램의 용기,"12,600",한비야,푸른숲,20150224,시/에세이
27,너는 나에게 상처를 줄 수 없다,"12,600",배르벨 바르데츠키,걷는나무,20131120,인문
28,라면을 끓이며,"13,500",김훈,문학동네,20150930,시/에세이
29,그래도 사랑,"12,420",정현주,중앙북스,20130923,시/에세이
30,내가 혼자 여행하는 이유,"11,700",카트린 지타,걷는나무,20150730,시/에세이
31,문득 사람이 그리운 날엔 시를 읽는다,"9,900",박광수,걷는나무,20141224,시/에세이
32,꽃잎이 떨어져도 꽃은 지지 않네,"10,800",법정 외,여백,20150301,시/에세이
33,제로 투 원,"14,400",피터 틸 외,한국경제신문사,20141120,경제/경영
34,트렌드 코리아 2015,"14,400",김난도 외,미래의창,20141110,경제/경영
35,여덟 단어,"13,500",박웅현,북하우스,20130520,인문
36,경영의 모험,"14,400",존 브룩스,쌤앤파커스,20150316,경제/경영
37,꾸뻬씨의 행복여행,"13,500",프랑수아 를로르,오래된미래,20040728,소설
38,생각하는 인문학,"16,200",이지성,차이,20150330,자기계발
39,혼자의 발견,"12,150",곽정은,달,20141210,시/에세이
40,내 마음 다치지 않게,"11,700",설레다,알에이치코리아,20141222,시/에세이
41,조훈현 고수의 생각법,"13,860",조훈현,인플루엔셜,20150615,시/에세이
42,오늘 내가 사는 게 재미있는 이유,"12,600",김혜남,갤리온,20150323,시/에세이
43,지금 여기 깨어있기,"10,800",법륜,정토출판,20141225,종교
44,클로즈업 오사카(2017),"16,200",유재우 외,에디터,20161209,여행
45,장하준의 경제학 강의,"18,000",장하준,부키,20140725,경제/경영
46,습관의 재발견,"11,700",스티븐 기즈,비즈니스북스,20141125,자기계발
47,감정수업,"17,550",강신주,민음사,20131120,인문
48,주식투자 무작정 따라하기,"14,400",윤재수,길벗,20131210,경제/경영
49,음식의 언어,"15,300",댄 주래프스키,어크로스,20150325,인문
50,나는 부동산과 맞벌이한다,"12,600",너바나,알키,20150515,경제/경영
51,싸드(THAAD),"12,780",김진명,새움,20140815,소설
52,살면서 쉬웠던 날은 단 하루도 없었다,"11,700",박광수,위즈덤하우스,20150724,시/에세이
53,부자언니 부자특강,"12,420",유수진,세종서적,20150507,경제/경영
54,앵무새 죽이기,"14,220",하퍼 리,열린책들,20150630,소설
55,나는 까칠하게 살기로 했다,"13,500",양창순,센추리원,20120215,자기계발
56,시간의 정원,"10,800",송지혜,북라이프,20141224,예술/대중문화
57,해커스 보카(Hackers Vocabulary),"15,210",David Cho,해커스어학연구소,20211213,외국어
58,부자의 그릇,"11,700",이즈미 마사토,다산 3.0,20150302,경제/경영
59,여자 없는 남자들,"12,420",무라카미 하루키,문학동네,20140828,소설
60,레프트오버,"13,500",톰 페로타,북플라자,20150411,소설
61,그래머 게이트웨이 베이직: 초보를 위한 기초 영문법 (Grammar Gateway Basic Light Version),"11,610",David Cho,해커스어학연구소,20220117,외국어
62,파수꾼,"14,220",하퍼 리,열린책들,20150715,소설
63,원피스 76: 상관 말고 나아가,"4,500",Eiichiro Oda,대원씨아이,20150131,만화
64,"생각하는 힘, 노자 인문학","13,320",최진석,위즈덤하우스,20150312,인문
65,어떻게 인생을 살 것인가,"13,500",쑤린,다연,20150608,자기계발
66,버티는 삶에 관하여,"16,200",허지웅,문학동네,20140926,시/에세이
67,그래도 괜찮은 하루,"14,220",구작가,위즈덤하우스,20150217,시/에세이
68,데미안,"7,200",헤르만 헤세,민음사,20090120,소설
69,걸 온 더 트레인,"12,420",폴라 호킨스,북폴리오,20150801,소설
70,사랑할 때 알아야 할 것들(벚꽃에디션),"12,600",김재식,메가스터디북스(엔트리),20150605,시/에세이
71,책 먹는 여우와 이야기 도둑,"10,800",프란치스카 비어만,주니어김영사,20180511,어린이(초등)
72,왜 나는 너를 사랑하는가,"10,800",알랭 드 보통,청미래,20130115,소설
73,아들러 심리학을 읽는 밤,"12,420",기시미 이치로,살림,20150115,인문
74,인생에 가장 중요한 7인을 만나라,"13,500",리웨이원,비즈니스북스,20150625,자기계발
75,보타니컬 아트 컬러링북: 플라워 편,"10,620",권영애,아이콘북스,20150126,예술/대중문화
76,이기는 대화,"11,700",이서정,머니플러스,20130718,자기계발
77,정글만리 1,"14,850",조정래,해냄출판사,20130701,소설
78,나는 죽을 때까지 재미있게 살고싶다,"12,600",김선경,갤리온,20130201,시/에세이
79,총 균 쇠,"25,200",재레드 다이아몬드,문학사상,20051219,역사/문화
80,1cm art(일 센티 아트),"13,320",김은주,허밍버드,20150821,시/에세이
81,"나는 고작, 서른이다","12,420",정주영,프롬북스,20141217,자기계발
82,2018 인구 절벽이 온다,"15,300",해리 덴트,청림출판,20150109,경제/경영
83,위험한 과학책,"19,800",랜들 먼로,시공사,20150424,과학
84,7년의 밤,"13,050",정유정,은행나무,20160530,소설
85,마법천자문 31: 치열한 전투! 싸움 전,"8,820",올댓스토리,아울북,20150301,어린이(초등)
86,뿌리 이야기(제39회 이상문학상 작품집 2015년),"12,420",김숨 외,문학사상,20150123,소설
87,ETS TOEIC Listening Prep Book,"17,820",ETS,YBM,20140610,외국어
88,태도에 관하여,"10,800",임경선,한겨레출판사,20150330,시/에세이
89,파리 시크릿(Paris Secret),"10,800",조에 드 라스 카스,자음과모음,20141126,예술/대중문화
90,나는 생각이 너무 많아,"13,320",크리스텔 프티콜랭,부키,20140520,인문
91,참을 수 없는 존재의 가벼움,"11,700",밀란 쿤데라,민음사,20091224,소설
92,리딩으로 리드하라,"13,500",이지성,문학동네,20101117,자기계발
93,진짜 기본 요리책,"14,220",월간 수퍼레시피,레시피팩토리,20130118,요리
94,미 비포 유(Me Before You),"13,500",조조 모예스,살림,20140101,소설
95,삐뽀삐뽀 119소아과,"26,820",하정훈,그린비,20140510,가정/육아
96,한국인만 모르는 다른 대한민국,"13,500",임마누엘 페스트라이쉬,21세기북스,20130816,정치/사회
97,사람을 남기는 관계의 비밀,"12,150",김대식,북클라우드,20150301,자기계발
98,금요일엔 돌아오렴,"16,200",416 세월호 참사 기록위원회 작가기록단,창비,20150116,시/에세이
99,일빵빵 기초영어: 동사 조동사 편,"12,420",서장혁,토마토,20140102,외국어
100,코스모스,"17,910",칼 세이건,사이언스북스,20100120,과학
101,보통의 존재,"11,700",이석원,달,20091104,시/에세이
102,시원스쿨 기초 영어법,"13,500",이시원,시원스쿨닷컴,20201016,외국어
103,나도 손글씨 잘쓰면 정말 좋겠다,"16,200",공병각,양문,20140730,예술/대중문화
104,주기자의 사법활극,"13,050",주진우,푸른숲,20150119,정치/사회
105,정의란 무엇인가,"13,500",마이클 샌델,와이즈베리,20141120,인문
106,다시,"12,420",신준모,프롬북스,20150407,시/에세이
107,대통령의 시간 2008-2013,"25,200",이명박,알에이치코리아,20150202,정치/사회
108,아기가 잘먹는 이유식은 따로 있다,"11,520",김정미,레시피팩토리,20100201,요리
109,끌리는 컨셉의 법칙,"13,500",김근배,중앙북스,20141208,경제/경영
110,알리바바 마윈의 12가지 인생강의,"14,400",장옌,매일경제신문사,20141107,경제/경영
111,영어회화 무작정 따라하기,"13,500",오석태,길벗이지톡,20141115,외국어
112,곁에 두고 읽는 니체,"12,600",사이토 다카시,홍익출판사,20150730,인문
113,원씽(The One Thing)(리커버 특별판),"12,600",게리 켈러 외,비즈니스북스,20130830,자기계발
114,저스트고 유럽(2015-2016),"16,200",최철호,시공사,20150320,여행
115,나오미와 가나코,"12,150",오쿠다 히데오,위즈덤하우스(예담),20150520,소설
116,징비록,"10,710",김흥식,서해문집,20141120,역사/문화
117,당신의 이름을 지어다가 며칠은 먹었다,"9,000",박준,문학동네,20170630,시/에세이
118,책은 도끼다,"14,400",박웅현,북하우스,20111010,인문
119,버전업 굿모닝 독학일본어 첫걸음,"13,050",정선영,동양문고,20140305,외국어
120,삼성의 CEO들은 무엇을 공부하는가,"14,400",백강녕 외,알프레드,20150908,자기계발
121,내 머리 사용법 Ver 2.0,"12,420",정철,허밍버드,20150422,시/에세이
122,부동산 상식 사전,"14,850",백영록,길벗,20150710,경제/경영
123,설득의 심리학 3: 완결편,"13,500",로버트 치알디니 외,21세기북스,20150209,자기계발
124,엄마의 말 공부,"12,600",이임숙,카시오페아,20150420,가정/육아
125,이시원의 왕초보 여행영어,"8,820",이시원 외,시원스쿨닷컴,20140328,외국어
126,뇌가 섹시해지는 책,"12,420",도미니크 오브라이언,비전코리아,20150512,자기계발
127,반찬이 필요 없는 밥 요리,"7,920",노애리,그리고책,20150306,요리
128,신비의 숲,"13,500",조해너 배스포드,클,20150302,예술/대중문화
129,ETS TOEIC Reading Prep Book,"17,820",ETS,YBM,20140610,외국어
130,일빵빵 영어회화 1,"12,420",서장혁,토마토,20120601,외국어
131,시를 잊은 그대에게(리커버),"13,500",정재찬,휴머니스트,20200316,시/에세이
132,멈추어야 할 때 나아가야 할 때 돌아봐야 할 때,"13,500",쑤쑤,다연,20150307,자기계발
133,캘리그라피 쉽게 배우기,"16,200",박효지,단한권의책,20141013,예술/대중문화
134,네이처(별책부록포함),"10,620",데상 앤 뜰로라,솜씨,20141030,예술/대중문화
135,세계사를 품은 영어 이야기,"14,220",필립 구든,허니와이즈,20150304,역사/문화
136,그래머 게이트웨이 인터미디엇: 영어가 쉬워지는 기초 영문법 (Grammar Gateway Intermediate),"13,410",해커스 어학연구소,해커스어학연구소,20220502,외국어
137,1cm+(일 센티 플러스),"12,420",김은주,허밍버드,20130718,시/에세이
138,잠자기 전 읽기만 해도 나쁜 기분이 사라지는 마음의 법칙 26,"10,800",나카무라 마사루,인빅투스,20140804,자기계발
139,고양이 낸시,"13,500",엘렌 심,북폴리오,20150224,만화
140,살인자의 기억법,"9,000",김영하,문학동네,20130725,소설
141,어떻게 죽을 것인가,"14,850",아툴 가완디,부키,20150529,인문
142,단,"14,400",이지훈,문학동네,20150122,경제/경영
143,와일드,"13,320",셰릴 스트레이드,나무의철학,20121020,시/에세이
144,톡톡 건강법,"22,500",임헌석,이루,20120810,건강
145,"오늘, 행복을 쓰다","11,520",김정민 외,북로그컴퍼니,20150820,시/에세이
146,그리스 컬러링 여행,"10,800",호경,트러스트북스,20150305,예술/대중문화
147,슈퍼차이나,"15,300",KBS 슈퍼차이나 제작팀,가나출판사,20150430,경제/경영
148,파리의 심리학 카페,"12,600",모드 르안,갤리온,20141107,인문
149,조선왕조실톡 1: 조선 패밀리의 탄생,"11,700",이한,위즈덤하우스,20150817,역사/문화
150,스코치 트라이얼,"13,320",제임스 대시너,문학수첩,20120726,소설
151,이탈리아 데이(Italia day)(2015-2016 개정판),"16,200",윤도영 외,테라출판사(TERRA),20150302,여행
152,7번 읽기 공부 실천법,"10,800",야마구치 마유,한국경제신문사,20150825,자기계발
153,하루 5분 아빠 목소리,"14,400",정홍,위즈덤하우스,20141120,가정/육아
154,엄마가 믿는 만큼 크는 아이,"10,800",기시미 이치로,을유문화사,20150625,가정/육아
155,파란펜 공부법,"10,800",아이카와 히데키,쌤앤파커스,20150710,자기계발
156,어른은 겁이 많다,"11,250",손씨,MY,20150320,시/에세이
157,터닝메카드 1,"8,550",편집부,서울문화사,20150423,어린이(초등)
158,데스 큐어,"13,320",제임스 대시너,문학수첩,20140819,소설
159,컬러링 앤 더 푸드(Coloring and the Food),"10,800",빨간고래(박정아),조선앤북,20150115,예술/대중문화
160,프랑스 아이처럼,"13,500",파멜라 드러커맨,북하이브,20130320,가정/육아
161,불안,"13,500",알랭 드 보통,은행나무,20120104,시/에세이
162,21세기 자본,"29,700",토마 피케티,글항아리,20140912,정치/사회
163,그녀(Hers),"12,000",suwa,안그라픽스,20150130,예술/대중문화
164,사랑해 사랑해 사랑해,"10,350",버나뎃 로제티 슈스탁,보물창고,20190325,유아(0~7세)
165,김이나의 작사법,"14,220",김이나,문학동네,20150318,시/에세이
166,오늘은 내 인생의 가장 젊은 날입니다,"12,600",이근후,샘터(샘터사),20141230,시/에세이
167,하루 5분 엄마 목소리,"14,400",정홍,위즈덤하우스,20140610,가정/육아
168,메이즈 러너,"13,320",제임스 대시너,문학수첩,20120705,소설
169,나의 한국현대사,"16,200",유시민,돌베개,20140710,역사/문화
170,나의 문화유산답사기 8: 남한강편,"16,200",유홍준,창비,20150915,역사/문화
171,행복해질 용기,"12,420",기시미 이치로,더좋은책,20180910,인문
172,생각해봤어?,"14,400",노회찬 외,웅진지식하우스,20150326,인문
173,지지 않는 청춘,"9,000",이케다 다이사쿠,조선뉴스프레스,20150316,자기계발
174,한 권으로 읽는 조선왕조실록,"16,200",박영규,웅진지식하우스,20130113,역사/문화
175,Who? Special 유재석,"12,600",김성재,다산어린이,20150616,어린이(초등)
176,인사이드 아웃,"8,550",디즈니 동화 아트팀,Oh!북스,20150630,유아(0~7세)
177,사과가 쿵!,"9,900",다다 히로시,보림,20090620,유아(0~7세)
178,황금방울새 1,"13,500",도나 타트,은행나무,20150623,소설
179,바람이 분다 당신이 좋다,"13,770",이병률,달,20120701,여행
180,시 읽는 밤: 시 밤(니 생각 에디션),"10,080",하상욱,위즈덤하우스,20150918,시/에세이
181,책 먹는 여우,"9,900",프란치스카 비어만,주니어김영사,20180510,어린이(초등)
182,다시 사랑,"12,420",정현주,스윙밴드,20140917,시/에세이
1,에드워드 툴레인의 신기한 여행,"13,500",케이트 디카밀로,비룡소,20131227,소설
2,내가 사랑한 유럽 TOP10,"14,220",정여울,홍익출판사,20140115,여행
3,감정수업,"17,550",강신주,민음사,20131120,인문
4,미 비포 유(Me Before You),"13,500",조조 모예스,살림,20140101,소설
5,정글만리 1,"14,850",조정래,해냄출판사,20130701,소설
6,겨울 왕국 무비 스토리북,"9,000",예림아이 편집부,예림아이,20131210,유아(0~7세)
7,1cm+(일 센티 플러스),"12,420",김은주,허밍버드,20130718,시/에세이
8,인생수업,"11,700",법륜,휴,20131009,종교
9,내일,"12,420",기욤 뮈소,밝은세상,20131210,소설
10,유엔미래보고서 2040,"13,500",박영숙 외,교보문고,20131220,경제/경영
11,다윗과 골리앗,"15,300",말콤 글래드웰,21세기북스,20140127,자기계발
12,꾸뻬씨의 행복여행,"13,500",프랑수아 를로르,오래된미래,20040728,소설
13,겨울 왕국,"8,550",디즈니,꿈꾸는달팽이,20140115,어린이(초등)
14,너는 나에게 상처를 줄 수 없다,"12,600",배르벨 바르데츠키,걷는나무,20131120,인문
15,세계 최고의 인재들은 왜 기본에 집중할까,"11,700",도쓰카 다카마사,비즈니스북스,20140214,자기계발
16,1cm(일 센티) 첫 번째 이야기,"12,420",김은주,허밍버드,20140201,시/에세이
17,어떤 하루,"12,420",신준모,프롬북스,20140310,시/에세이
18,제3인류 1,"12,420",베르나르 베르베르,열린책들,20131023,소설
19,내가 알고 있는걸 당신도 알게 된다면,"12,600",칼 필레머,토네이도,20120512,자기계발
20,총 균 쇠,"25,200",재레드 다이아몬드,문학사상,20051219,역사/문화
21,여덟 단어,"13,500",박웅현,북하우스,20130520,인문
22,그래도 사랑,"12,420",정현주,중앙북스,20130923,시/에세이
23,겨울왕국(Frozen),"12,150",Sarah Nathan 외,롱테일북스,20150318,외국어
24,나미야 잡화점의 기적,"13,320",히가시노 게이고,현대문학,20121219,소설
25,잡담이 능력이다(리커버),"13,500",사이토 다카시,위즈덤하우스,20140116,자기계발
26,느리게 더 느리게,"13,500",장샤오헝,다연,20140210,자기계발
27,하버드의 생각수업,"12,600",후쿠하라 마사히로,메가스터디북스(엔트리),20140310,자기계발
28,트렌드 코리아 2014,"14,400",김난도 외,미래의창,20131118,경제/경영
29,인생을 바르게 보는 법 놓아주는 법 내려놓는 법,"13,500",쑤쑤,다연,20130910,시/에세이
30,이카루스 이야기,"12,600",세스 고딘,한국경제신문사,20140101,자기계발
31,난쟁이 피터,"12,600",호아킴 데 포사다 외,마시멜로,20140301,시/에세이
32,대통령의 글쓰기,"14,400",강원국,메디치미디어,20170525,인문
33,퍼펙트 워크,"13,500",왕중추 외,다산북스,20140106,경제/경영
34,창문 넘어 도망친 100세 노인,"15,120",요나스 요나손,열린책들,20130725,소설
35,마법천자문 27: 환하게 비추어라 비출 조,"8,820",올댓스토리,아울북,20140115,어린이(초등)
36,이기는 대화,"11,700",이서정,머니플러스,20130718,자기계발
37,살아 있는 뜨거움,"13,500",김미경,21세기북스,20140210,시/에세이
38,술 취한 코끼리 길들이기,"14,400",아잔 브라흐마,연금술사,20131205,시/에세이
39,몬순(제38회 이상문학상 작품집 2014년),"12,420",편혜영 외,문학사상,20140122,소설
40,나는 죽을 때까지 재미있게 살고싶다,"12,600",김선경,갤리온,20130201,시/에세이
41,원씽(The One Thing)(리커버 특별판),"12,600",게리 켈러 외,비즈니스북스,20130830,자기계발
42,모모,"10,800",미하엘 엔데,비룡소,20091020,청소년
43,심플하게 산다,"10,800",도미니크 로로,바다출판사,20120903,자기계발
44,원피스 72: 드레스로자에서 잊혀진 것,"4,500",Eiichiro Oda,대원씨아이,20131230,만화
45,말공부,"13,500",조윤제,흐름출판,20140324,자기계발
46,스크린 영어회화: 겨울왕국,"16,200",강윤혜,길벗이지톡,20140130,외국어
47,식당부자들,"12,600",이상규,이상미디어,20140110,경제/경영
48,스마트한 생각들,"12,600",롤프 도벨리,걷는나무,20120628,자기계발
49,서울 시,"8,820",하상욱,중앙북스,20130210,시/에세이
50,나는 까칠하게 살기로 했다,"13,500",양창순,센추리원,20120215,자기계발
51,1만 시간의 법칙,"13,500",이상훈,위즈덤하우스,20100225,자기계발
52,다른 길,"17,550",박노해,느린걸음,20140201,시/에세이
53,쿠키런 어드벤처 1: 런던,"8,820",송도수,서울문화사,20140120,어린이(초등)
54,7년의 밤,"13,050",정유정,은행나무,20160530,소설
55,우아한 거짓말,"12,420",김려령,창비,20140220,소설
56,내일도 출근하는 딸에게(스페셜 리커버),"12,420",유인경,위즈덤하우스,20140303,시/에세이
57,책은 도끼다,"14,400",박웅현,북하우스,20111010,인문
58,부자들의 생각법,"13,500",하노 벡,갤리온,20131031,경제/경영
59,개포동 김갑수씨의 사정,"10,800",허지웅,아우름,20140305,소설
60,스님의 주례사,"10,800",법륜,휴,20100913,종교
61,관찰의 힘,"13,500",얀 칩체이스 외,위너스북,20130610,경제/경영
62,나를 지켜낸다는 것(리커버 특별판),"13,500",팡차오후이,위즈덤하우스,20140228,자기계발
63,삐뽀삐뽀 119소아과,"26,820",하정훈,그린비,20140510,가정/육아
64,다른 모든 눈송이와 아주 비슷하게 생긴 단 하나의 눈송이,"10,800",은희경,문학동네,20140226,소설
65,완전변태,"10,620",이외수,해냄출판사,20140301,소설
66,아기가 잘먹는 이유식은 따로 있다,"11,520",김정미,레시피팩토리,20100201,요리
67,한비네 집 맛있는 이야기,"15,120",이현정,미호,20131220,요리
68,선대인 미친 부동산을 말하다,"13,500",선대인,웅진지식하우스,20131127,경제/경영
69,높고 푸른 사다리,"11,700",공지영,한겨레출판사,20131028,소설
70,엄마 수업,"10,800",법륜,휴,20111014,가정/육아
71,바람이 분다 당신이 좋다,"13,770",이병률,달,20120701,여행
72,참 좋은 당신을 만났습니다,"12,420",송정림,나무생각,20130729,시/에세이
73,빅 픽처,"10,800",더글라스 케네디,밝은세상,20100610,소설
74,스물아홉 생일 1년 후 죽기로 결심했다(반짝 에디션),"14,220",하야마 아마리,위즈덤하우스,20221201,시/에세이
75,자본주의,"15,300",EBS 자본주의 제작팀,가나출판사,20130927,경제/경영
76,서울 시 2,"8,820",하상욱,중앙북스,20130910,시/에세이
77,예감은 틀리지 않는다,"11,520",줄리언 반스,다산책방,20120326,소설
78,365 매일 읽는 긍정의 한 줄,"12,150",린다 피콘,책이있는풍경,20121130,시/에세이
79,메타생각(Meta-Thinking),"17,550",임영익,리콘미디어,20140111,자기계발
80,토마토 BASIC READING(베이직 리딩),"13,320",이보영 외,NE능률,20131101,외국어
81,생명이 자본이다,"13,500",이어령,마로니에북스,20140109,인문
82,질풍론도,"12,600",히가시노 게이고,박하,20140103,소설
83,당신에겐 그런 사람이 있나요,"12,420",무무,책읽는수요일,20131122,시/에세이
84,어떻게 배울 것인가,"13,500",존 맥스웰,비즈니스북스,20140115,자기계발
85,시원스쿨 기초 영어법,"13,500",이시원,시원스쿨닷컴,20201016,외국어
86,진짜 기본 요리책,"14,220",월간 수퍼레시피,레시피팩토리,20130118,요리
87,이보영의 여행 영어회화,"8,820",이보영,에듀박스,20090925,외국어
88,두근 두근 내 인생,"12,600",김애란,창비,20110620,소설
89,지금 시작하는 인문학,"16,200",주현성,더좋은책,20121020,인문
90,명탐정 코난 81,"4,050",Aoyama Gosho,서울미디어코믹스(서울문화사),20140125,만화
91,겨울왕국: 디즈니 무비코믹북,"7,650",대원키즈 편집부,대원키즈,20140101,어린이(초등)
92,한여름의 방정식,"16,920",히가시노 게이고,재인,20140317,소설
93,그래머 게이트웨이 베이직: 초보를 위한 기초 영문법 (Grammar Gateway Basic Light Version),"11,610",David Cho,해커스어학연구소,20220117,외국어
94,코스모스,"17,910",칼 세이건,사이언스북스,20100120,과학
95,프랑스 아이처럼,"13,500",파멜라 드러커맨,북하이브,20130320,가정/육아
96,디즈니 겨울왕국 첫 무비 그림책,"7,650",예림아이 편집부,예림아이,20131210,유아(0~7세)
97,정의란 무엇인가,"13,500",마이클 샌델,김영사,20101020,인문
98,신 황태자비 납치사건,"12,870",김진명,새움,20140123,소설
99,적을 만들지 않는 대화법,"10,800",샘 혼,갈매나무,20150323,자기계발
100,삼성의 임원은 어떻게 일하는가,"12,420",김종원,넥서스BIZ,20140215,경제/경영
101,색채가 없는 다자키 쓰쿠루와 그가 순례를 떠난 해,"13,320",무라카미 하루키,민음사,20130701,소설
102,한 권으로 읽는 조선왕조실록,"16,200",박영규,웅진지식하우스,20130113,역사/문화
103,사랑해 사랑해 사랑해,"10,350",버나뎃 로제티 슈스탁,보물창고,20190325,유아(0~7세)
104,딸아 외로울 때는 시를 읽으렴,"9,000",신현림,걷는나무,20110402,시/에세이
105,지금 중국 주식 천만원이면 10년 후 강남 아파트를 산다,"11,700",정순필,스마트비즈니스,20140306,경제/경영
106,디어 라이프,"14,400",앨리스 먼로,문학동네,20131205,소설
107,정도전과 그의 시대,"10,800",이덕일,옥당,20140110,역사/문화
108,영어패턴 500 플러스,"13,500",이광수 외,넥서스,20120425,외국어
109,내 사람이다,"11,520",곽정은,달,20120118,시/에세이
110,월급쟁이 부자들,"13,500",이명로(상승미소),스마트북스,20140401,경제/경영
111,천 번을 흔들려야 어른이 된다,"14,850",김난도,오우아,20120828,시/에세이
112,이기는 질문 이기는 대답,"11,700",우찌야마 다츠미 외,이가서,20131205,자기계발
113,손글씨 잘 써서 좋겠다,"16,200",공병각,양문,20130620,예술/대중문화
114,일빵빵 영어회화 1,"12,420",서장혁,토마토,20120601,외국어
115,역사 e,"14,220",EBS <역사채널 e> 외,북하우스,20130304,인문
116,엄마를 부탁해,"13,500",신경숙,창비,20081110,소설
117,클로즈업 홍콩(2015-2016),"15,300",유재우 외,에디터,20150401,여행
118,겨울왕국,"5,850",예림아이 편집부,예림아이,20140201,유아(0~7세)
119,왜 나는 너를 사랑하는가,"10,800",알랭 드 보통,청미래,20130115,소설
120,철학이 필요한 시간,"16,020",강신주,사계절,20110215,인문
121,역사 e 2,"14,220",EBS <역사채널 e>,북하우스,20131209,인문
122,스피킹 매트릭스(Speaking Matrix): 1분 영어 말하기,"9,900",김태윤,길벗이지톡,20140110,외국어
123,나는 다만 조금 느릴 뿐이다,"12,600",강세형,쌤앤파커스,20130129,시/에세이
124,상실의 시대(원제: 노르웨이의 숲),"13,500",무라카미 하루키,문학사상사,20100720,소설
125,죽음의 수용소에서,"11,700",빅터 프랭클,청아출판사,20120115,시/에세이
126,초역 니체의 말,"10,800",프리드리히 니체,삼호미디어,20101105,인문
127,엄마는 아들을 너무 모른다,"12,420",창랑 외,위즈덤하우스,20140127,가정/육아
128,다상담 1: 사랑 몸 고독,"12,150",강신주,동녘,20130805,인문
129,New English 900 Vol 1,"11,700",Edwin T. Cornelius,YBM,20120903,외국어
130,아프니까 청춘이다,"12,600",김난도,쌤앤파커스,20101224,시/에세이
131,조직의 비밀,"14,400",레이 피스먼 외,웅진지식하우스,20140203,경제/경영
132,건강하게 오래 살려면 종아리를 주물러라,"10,800",마키 다카코,나라원,20140115,건강
133,나의 문화유산답사기 일본편 3: 교토의 역사,"16,200",유홍준,창비,20140515,역사/문화
134,진격의 거인 12,"4,500",Hajime Isayama ,학산문화사,20140125,만화
135,의사에게 살해당하지 않는 47가지 방법,"13,320",곤도 마코토,더난출판사,20131202,건강
136,마법의 순간,"12,330",파울로 코엘료,자음과모음,20130509,시/에세이
137,생각이 나서,"11,520",황경신,소담출판사,20101105,시/에세이
138,28,"13,050",정유정,은행나무,20130627,소설
139,파이브 데이즈,"12,150",더글라스 케네디,밝은세상,20131120,소설
140,대한민국에서 일하는 엄마로 산다는 것,"12,600",신의진,걷는나무,20140228,자기계발
141,관점을 디자인하라,"13,320",박용후,프롬북스,20130712,자기계발
142,상처받지 않을 권리,"15,300",강신주,프로네시스,20090701,인문
143,사과가 쿵!,"9,900",다다 히로시,보림,20090620,유아(0~7세)
144,눈물,"12,420",최인호,여백,20131224,시/에세이
145,알랭 드 보통의 영혼의 미술관,"29,700",알랭 드 보통 외,문학동네,20190916,예술/대중문화
146,결혼식 전날,"6,300",호즈미,애니북스,20131108,만화
147,저스트고 유럽(2014-2015),"16,200",최철호,시공사,20140325,여행
148,북유럽 이야기,"12,600",김민주,미래의창,20140127,역사/문화
149,세상물정의 사회학,"16,200",노명우,사계절,20131230,정치/사회
150,천기누설 1,"13,500",MBN 천기누설 제작팀,다온북스,20131125,건강
151,끌림,"13,500",이병률,달,20100701,여행
152,윔피키드 8: 절친의 법칙,"10,800",제프 키니,푸른날개,20131216,어린이(초등)
153,4주 해독다이어트,"12,420",박용우,비타북스,20140205,건강
154,습관의 힘,"14,400",찰스 두히그,갤리온,20121030,자기계발
155,투명사회,"10,800",한병철,문학과지성사,20140311,인문
156,미친듯이 심플,"16,200",켄 시걸,문학동네,20140404,경제/경영
157,이방인,"12,420",알베르 카뮈,새움,20140327,소설
158,사랑하라 한번도 상처받지 않은 것처럼,"9,000",류시화,오래된미래,20081024,시/에세이
159,삐뽀삐뽀 119 이유식,"10,710",하정훈,그린비,20060915,요리
160,그리스인 조르바,"13,320",니코스 카잔차키스,열린책들,20091220,소설
161,내 심장을 쏴라,"10,800",정유정,은행나무,20160523,소설
162,인생이란 나를 믿고 가는 것이다,"13,500",이현세,토네이도,20140217,자기계발
163,나루토 66,"4,500",Masashi Kishimoto,대원씨아이,20140131,만화
164,당신이 알아야 할 한국사 10(리커버),"14,400",서경덕 외,메가스터디북스(엔트리),20141107,역사/문화
165,세계로TV의 신가치투자로 돈 번 사람들,"12,600",김원기,글로벌북스,20140320,경제/경영
166,엄마 일단 가고봅시다,"13,500",태원준,북로그컴퍼니,20130715,시/에세이
167,어떻게 원하는 것을 얻는가,"13,500",스튜어트 다이아몬드,8.0(에이트 포인트),20111130,자기계발
168,이중섭 편지와 그림들(1916-1956),"13,500",이중섭,다빈치,20110416,예술/대중문화
169,엄마 결국은 해피엔딩이야,"13,500",태원준,북로그컴퍼니,20131029,시/에세이
170,불안,"13,500",알랭 드 보통,은행나무,20120104,시/에세이
171,마음에 들어,"13,500",김나영,포북(forbook),20140130,시/에세이
172,뱃살부터 빼셔야겠습니다,"5,400",최성우,포북(forbook),20130620,건강
173,몽환화,"12,420",히가시노 게이고,비채,20140520,소설
174,눈물을 그치는 타이밍,"11,700",이애경,허밍버드,20131025,시/에세이
175,클로즈업 오사카(2017),"16,200",유재우 외,에디터,20161209,여행
176,10년 전을 사는 여자 10년 후를 사는 여자,"12,150",아리카와 마유미,웅진지식하우스,20140414,자기계발
177,우는 어른,"10,800",에쿠니 가오리,소담출판사,20131220,시/에세이
178,나는 돈이 없어도 경매를 한다,"14,400",이현정,길벗,20130805,경제/경영
179,메이플 스토리 오프라인 RPG 68,"8,550",송도수,서울문화사,20140120,어린이(초등)
180,원피스 블루딥,"7,200",Eiichiro Oda,대원씨아이,20131230,만화
181,히말라야 환상방황,"12,600",정유정,은행나무,20140423,시/에세이
1,꾸뻬씨의 행복여행,"13,500",프랑수아 를로르,오래된미래,20040728,소설
2,색채가 없는 다자키 쓰쿠루와 그가 순례를 떠난 해,"13,320",무라카미 하루키,민음사,20130701,소설
3,정글만리 1,"14,850",조정래,해냄출판사,20130701,소설
4,나미야 잡화점의 기적,"13,320",히가시노 게이고,현대문학,20121219,소설
5,김미경의 드림 온(Dream On),"6,750",김미경,쌤앤파커스,20130111,자기계발
6,적을 만들지 않는 대화법,"10,800",샘 혼,갈매나무,20150323,자기계발
7,습관의 힘,"14,400",찰스 두히그,갤리온,20121030,자기계발
8,나는 죽을 때까지 재미있게 살고싶다,"12,600",김선경,갤리온,20130201,시/에세이
9,나는 다만 조금 느릴 뿐이다,"12,600",강세형,쌤앤파커스,20130129,시/에세이
10,인생수업,"11,700",법륜,휴,20131009,종교
11,1cm+(일 센티 플러스),"12,420",김은주,허밍버드,20130718,시/에세이
12,달에게 들려주고 싶은 이야기,"13,050",신경숙,문학동네,20130318,소설
13,천 번을 흔들려야 어른이 된다,"14,850",김난도,오우아,20120828,시/에세이
14,언니의 독설,"14,400",김미경,21세기북스,20121015,자기계발
15,빅 픽처,"10,800",더글라스 케네디,밝은세상,20100610,소설
16,28,"13,050",정유정,은행나무,20130627,소설
17,어떻게 살 것인가,"13,500",유시민,생각의길,20130313,인문
18,죽음이란 무엇인가,"15,120",셸리 케이건,엘도라도,20121121,인문
19,지금 시작하는 인문학,"16,200",주현성,더좋은책,20121020,인문
20,그래도 사랑하라,"12,600",전대식,공감,20121225,시/에세이
21,인페르노 1,"11,700",댄 브라운,문학수첩,20130705,소설
22,제3인류 1,"12,420",베르나르 베르베르,열린책들,20131023,소설
23,여덟 단어,"13,500",박웅현,북하우스,20130520,인문
24,총 균 쇠,"25,200",재레드 다이아몬드,문학사상,20051219,역사/문화
25,마법의 순간,"12,330",파울로 코엘료,자음과모음,20130509,시/에세이
26,하워드의 선물,"12,600",에릭 시노웨이 외,위즈덤하우스,20130304,자기계발
27,당신은 전략가입니까,"15,120",신시아 A. 몽고메리,리더스북,20130206,경제/경영
28,관찰의 힘,"13,500",얀 칩체이스 외,위너스북,20130610,경제/경영
29,아프니까 청춘이다,"12,600",김난도,쌤앤파커스,20101224,시/에세이
30,딸에게 보내는 심리학 편지,"12,600",한성희,갤리온,20130712,인문
31,살인자의 기억법,"9,000",김영하,문학동네,20130725,소설
32,나는 내일을 기다리지 않는다,"12,600",강수진,인플루엔셜,20130123,자기계발
33,고구려 5: 백성의 왕,"11,520",김진명,새움,20130527,소설
34,관점을 디자인하라,"13,320",박용후,프롬북스,20130712,자기계발
35,창문 넘어 도망친 100세 노인,"15,120",요나스 요나손,열린책들,20130725,소설
36,바람이 분다 당신이 좋다,"13,770",이병률,달,20120701,여행
37,이중섭 편지와 그림들(1916-1956),"13,500",이중섭,다빈치,20110416,예술/대중문화
38,희망의 귀환,"13,320",차동엽,위즈앤비즈,20130405,자기계발
39,365 매일 읽는 긍정의 한 줄,"12,150",린다 피콘,책이있는풍경,20121130,시/에세이
40,어떻게 원하는 것을 얻는가,"13,500",스튜어트 다이아몬드,8.0(에이트 포인트),20111130,자기계발
41,원씽(The One Thing)(리커버 특별판),"12,600",게리 켈러 외,비즈니스북스,20130830,자기계발
42,7년 후,"12,150",기욤 뮈소,밝은세상,20121127,소설
43,더 잡,"13,050",더글라스 케네디,밝은세상,20130806,소설
44,위대한 개츠비,"8,550",F. 스콧 피츠제럴드,문학동네,20091215,소설
45,7년의 밤,"13,050",정유정,은행나무,20160530,소설
46,책은 도끼다,"14,400",박웅현,북하우스,20111010,인문
47,문명의 배꼽 그리스,"18,000",박경철,리더스북,20130202,인문
48,스님의 주례사,"10,800",법륜,휴,20100913,종교
49,파이 이야기,"12,600",얀 마텔,작가정신,20131113,소설
50,서울 시,"8,820",하상욱,중앙북스,20130210,시/에세이
51,내 편이 아니라도 적을 만들지 마라,"13,500",스샤오옌,다연,20120207,자기계발
52,역사 e,"14,220",EBS <역사채널 e> 외,북하우스,20130304,인문
53,삐뽀삐뽀 119소아과,"26,820",하정훈,그린비,20140510,가정/육아
54,스마트한 선택들,"12,600",롤프 도벨리,걷는나무,20130424,자기계발
55,침묵의 미래(제37회 이상문학상 작품집 2013년),"12,420",김애란,문학사상,20130118,소설
56,내 인생에 용기가 되어준 한마디,"11,700",정호승,비채,20130101,시/에세이
57,New English 900 Vol 1,"11,700",Edwin T. Cornelius,YBM,20120903,외국어
58,그때 알았더라면 좋았을 것들,"14,400",정여울,아르테(arte),20130510,시/에세이
59,나는 오늘도 나를 응원한다,"12,420",마리사 피어,비즈니스북스,20110607,자기계발
60,나의 문화유산답사기 일본편 1: 규슈,"14,850",유홍준,창비,20130729,역사/문화
61,공부하는 힘,"12,600",황농문,위즈덤하우스,20130809,자기계발
62,위대한 개츠비,"8,100",F. 스콧 피츠제럴드,민음사,20090120,소설
63,미생: 아직 살아 있지 못한 자 1: 착수,"9,900",윤태호,위즈덤하우스,20120915,만화
64,왜 나는 너를 사랑하는가,"10,800",알랭 드 보통,청미래,20130115,소설
65,나는 천국을 보았다,"10,800",이븐 알렉산더,김영사,20130408,시/에세이
66,나는 아직 어른이 되려면 멀었다,"9,900",강세형,김영사,20100715,시/에세이
67,마법천자문 24: 구석구석 찾아라 찾을 방,"8,820",올댓스토리,아울북,20121226,어린이(초등)
68,최고의 공부,"13,500",켄 베인,와이즈베리,20130325,인문
69,1일1식,"11,700",나구모 요시노리,위즈덤하우스,20120910,건강
70,정의란 무엇인가,"13,500",마이클 샌델,김영사,20101020,인문
71,심리학 나 좀 구해줘,"12,420",폴커 키츠 외,갤리온,20130301,인문
72,엄마 수업,"10,800",법륜,휴,20111014,가정/육아
73,그리스인 조르바,"13,320",니코스 카잔차키스,열린책들,20091220,소설
74,내가 알고 있는걸 당신도 알게 된다면,"12,600",칼 필레머,토네이도,20120512,자기계발
75,장사의 시대,"13,500",필립 델브스 브러턴,어크로스,20130225,경제/경영
76,기획의 정석,"11,700",박신영,세종서적,20130520,자기계발
77,사람은 무엇으로 성장하는가,"13,050",존 맥스웰,비즈니스북스,20121005,자기계발
78,스마트한 생각들,"12,600",롤프 도벨리,걷는나무,20120628,자기계발
79,상실의 시대(원제: 노르웨이의 숲),"13,500",무라카미 하루키,문학사상사,20100720,소설
80,템테이션,"12,150",더글라스 케네디,밝은세상,20121002,소설
81,샐러드를 좋아하는 사자,"11,700",무라카미 하루키,비채,20130504,시/에세이
82,아기가 잘먹는 이유식은 따로 있다,"11,520",김정미,레시피팩토리,20100201,요리
83,스물아홉 생일 1년 후 죽기로 결심했다(반짝 에디션),"14,220",하야마 아마리,위즈덤하우스,20221201,시/에세이
84,원피스 69: Sad,"4,500",Eiichiro Oda,대원씨아이,20130331,만화
85,노란집,"11,700",박완서,열림원,20130830,소설
86,이기는 대화,"11,700",이서정,머니플러스,20130718,자기계발
87,끌림,"13,500",이병률,달,20100701,여행
88,엄마를 부탁해,"13,500",신경숙,창비,20081110,소설
89,여성에게 드리는 100자의 행복,"9,000",이케다 다이사쿠,연합뉴스동북아센터,20130227,자기계발
90,소금,"11,700",박범신,한겨레출판사,20130415,소설
91,내가 보고 싶었던 세계,"12,600",석지영,북하우스,20130110,시/에세이
92,장사의 신,"12,600",우노 다카시,쌤앤파커스,20120927,경제/경영
93,그리고 산이 울렸다,"13,320",할레드 호세이니,현대문학,20130715,소설
94,초역 니체의 말,"10,800",프리드리히 니체,삼호미디어,20101105,인문
95,사랑하라 한번도 상처받지 않은 것처럼,"9,000",류시화,오래된미래,20081024,시/에세이
96,FBI 행동의 심리학,"12,600",조 내버로 외,리더스북,20100913,자기계발
97,파리에선 그대가 꽃이다,"13,500",손미나,웅진지식하우스,20130725,시/에세이
98,아크라 문서,"11,520",파울로 코엘료,문학동네,20130905,소설
99,내 얘기를 들어줄 단 한 사람이 있다면,"12,420",조우성,리더스북,20130410,시/에세이
100,진짜 기본 요리책,"14,220",월간 수퍼레시피,레시피팩토리,20130118,요리
101,유엔미래보고서 2030,"13,500",박영숙 외,교보문고,20121128,경제/경영
102,트렌드 코리아 2013,"14,400",김난도 외,미래의창,20121121,경제/경영
103,프랑스 아이처럼,"13,500",파멜라 드러커맨,북하이브,20130320,가정/육아
104,예감은 틀리지 않는다,"11,520",줄리언 반스,다산책방,20120326,소설
105,높고 푸른 사다리,"11,700",공지영,한겨레출판사,20131028,소설
106,행복한 그림자의 춤,"10,800",앨리스 먼로,뿔,20100501,소설
107,나를 찾아줘,"15,300",길리언 플린,푸른숲,20130401,소설
108,청춘 거침없이 달려라,"4,500",강남구,국일미디어,20130315,자기계발
109,사랑해 사랑해 사랑해,"10,350",버나뎃 로제티 슈스탁,보물창고,20190325,유아(0~7세)
110,삐뽀삐뽀 119 이유식,"10,710",하정훈,그린비,20060915,요리
111,갈림길,"5,400",윌리엄 폴 영,세계사,20130223,소설
112,돈보다 운을 벌어라,"12,600",김승호,쌤앤파커스,20130409,자기계발
113,세계 대전 Z,"12,420",맥스 브룩스,황금가지,20080612,소설
114,참 좋은 당신을 만났습니다,"12,420",송정림,나무생각,20130729,시/에세이
115,피로사회,"10,800",한병철,문학과지성사,20120305,인문
116,김난도의 내일,"13,500",김난도 외,오우아,20130704,자기계발
117,뜨거워야 움직이고 미쳐야 내 것이 된다,"12,600",김병완,서래BOOKS,20130105,자기계발
118,베르나르 베르베르의 상상력 사전,"14,220",베르나르 베르베르,열린책들,20110303,시/에세이
119,백설공주에게 죽음을,"15,120",넬레 노이하우스,북로드,20110211,소설
120,비블리아 고서당 사건수첩: 시오리코 씨와 기묘한 손님들,"10,800",미카미 엔,디앤씨미디어,20130228,소설
121,소문의 여자,"11,520",오쿠다 히데오,오후세시,20130604,소설
122,길 위에서 하버드까지,"14,220",리즈 머리,다산책방,20121212,시/에세이
123,사악한 늑대,"15,120",넬레 노이하우스,북로드,20130619,소설
124,리딩으로 리드하라,"13,500",이지성,문학동네,20101117,자기계발
125,지면서 이기는 관계술,"13,500",이태혁,위즈덤하우스,20130601,자기계발
126,퇴마록 외전(그들이 살아가는 법),"8,550",이우혁,엘릭시르,20130331,소설
127,여자의 습관,"11,700",정은길,다산북스,20130712,경제/경영
128,참을 수 없는 존재의 가벼움,"11,700",밀란 쿤데라,민음사,20091224,소설
129,서른 살엔 미처 몰랐던 것들,"11,700",김선경,걷는나무,20101118,시/에세이
130,인생학교: 섹스,"10,800",알랭 드 보통,쌤앤파커스,20130111,시/에세이
131,마시멜로 세 번째 이야기,"12,600",호아킴 데 포사다 외,21세기북스,20131017,자기계발
132,철학이 필요한 시간,"16,020",강신주,사계절,20110215,인문
133,꾸뻬 씨의 인생 여행,"14,400",프랑수아 를로르,열림원,20110228,소설
134,사과가 쿵!,"9,900",다다 히로시,보림,20090620,유아(0~7세)
135,두근 두근 내 인생,"12,600",김애란,창비,20110620,소설
136,클로즈업 오사카(2017),"16,200",유재우 외,에디터,20161209,여행
137,승자의 안목,"13,500",김봉국,센추리원,20130310,경제/경영
138,내 아이를 위한 감정코칭,"14,220",존 가트맨 외,한국경제신문사,20110216,가정/육아
139,꿈꾸는 다락방,"12,150",이지성,국일미디어,20070528,자기계발
140,2030 대담한 미래,"25,200",최윤식,지식노마드,20130805,경제/경영
141,답을 내는 조직,"13,500",김성호,쌤앤파커스,20121110,경제/경영
142,진격의 거인 10,"4,500",Hajime Isayama ,학산문화사,20130525,만화
143,인생,"12,600",최인호,여백,20130308,시/에세이
144,불안,"13,500",알랭 드 보통,은행나무,20120104,시/에세이
145,부모라면 유대인처럼,"12,420",고재학,위즈덤하우스,20101215,가정/육아
146,딸아 외로울 때는 시를 읽으렴,"9,000",신현림,걷는나무,20110402,시/에세이
147,이보영의 여행 영어회화,"8,820",이보영,에듀박스,20090925,외국어
148,L’s Bravo Viewtiful(그룹 인피니트 엘의 포토에세이 북),"19,800",L(엘),울림엔터테인먼트,20130515,예술/대중문화
149,나는 까칠하게 살기로 했다,"13,500",양창순,센추리원,20120215,자기계발
150,팔지 마라 사게 하라,"16,200",장문정,쌤앤파커스,20130509,경제/경영
151,우리 아빠가 최고야,"9,000",앤서니 브라운,킨더랜드,20070215,유아(0~7세)
152,잡동사니,"11,520",에쿠니 가오리,소담출판사,20130313,소설
153,그래도 사랑,"12,420",정현주,중앙북스,20130923,시/에세이
154,새로운 디지털 시대,"18,000",에릭 슈미트 외,알키,20140722,경제/경영
155,린인,"13,500",셰릴 샌드버그,와이즈베리,20130605,자기계발
156,얼굴 빨개지는 아이,"10,620",장 자끄 상뻬,별천지,20140430,소설
157,빅 픽처를 그려라,"13,050",전옥표,비즈니스북스,20130523,자기계발
158,클로즈업 홍콩(2015-2016),"15,300",유재우 외,에디터,20150401,여행
159,엄마 일단 가고봅시다,"13,500",태원준,북로그컴퍼니,20130715,시/에세이
160,고구려 1: 도망자 을불,"11,520",김진명,새움,20110228,소설
161,인생에 변명하지 마라,"13,500",이영석,쌤앤파커스,20120827,자기계발
162,당신 참 괜찮은 사람이야,"13,500",양창순,센추리원,20121201,자기계발
163,안녕 친구야,"11,700",강풀,웅진주니어,20130114,유아(0~7세)
164,리빙 더 월드,"13,050",더글라스 케네디,밝은세상,20130401,소설
165,다시 아이를 키운다면,"11,520",박혜란,나무를심는사람들,20130515,가정/육아
166,그대는 그대가 가야 할 길을 알고 있는가,"12,600",선묵혜자,아침단청,20130117,시/에세이
167,성경과 5대 제국,"17,100",조병호,통독원,20110307,종교
168,나는 돈이 없어도 경매를 한다,"14,400",이현정,길벗,20130805,경제/경영
169,하고 싶다 연애,"12,600",안선영,북노마드,20130505,시/에세이
170,독서 천재가 된 홍대리,"11,700",이지성 외,다산라이프,20110829,자기계발
171,은밀하게 위대하게 2,"9,900",최종훈,발해BOOKS,20110820,만화
172,샬롯의 거미줄,"6,300",엘윈 브룩스 화이트,시공주니어,20001207,어린이(초등)
173,괜찮아,"9,000",최숙희,웅진주니어,20090422,유아(0~7세)
174,영어회화 베스트 표현 1200: 상황회화 편,"8,820",김대운,토마토,20121203,외국어
175,영어패턴 500 플러스,"13,500",이광수 외,넥서스,20120425,외국어
176,연금술사,"10,800",파울로 코엘료,문학동네,20181205,소설
177,요츠바랑 12,"4,680",아즈마 키요히코,대원씨아이,20130425,만화
178,어제까지의 세계,"26,100",재레드 다이아몬드,김영사,20130509,역사/문화
179,3분 고전 2,"12,600",박재희,작은씨앗,20130617,자기계발
